Song_id,Track_Name,Artist,Album,Genre,Mood,Language,Duration,Release_Year,Popularity,File_path
1,Falling,Harry Styles,Fine Line,Pop,Emotional; Soulful,English,240:00:00,2019,Very High,songs/Trevor Daniel - Falling (Official Music Video).mp3
2,Astronaut In The Ocean,Masked Wolf,Astronomical,Hip-Hop / Rap,Energetic; Intense,English,132:00:00,2019,Very High,songs/Masked Wolf - Astronaut In The Ocean (Official Music Video).mp3
3,Let Me Down Slowly,Alec Benjamin,Narrated For You,Pop,Emotional; Heartfelt,English,169:00:00,2018,Very High,songs/Alec Benjamin - Let Me Down Slowly [Official Music Video].mp3
4,2002,Anne-Marie,Speak Your Mind,Pop,Romantic; Nostalgic,English,186:00:00,2018,Very High,songs/Anne-Marie - 2002 [Official Video].mp3
5,Shape of You,Ed Sheeran,÷ (Divide),Pop,Romantic; Dance,English,233:00:00,2017,Very High,songs/Ed Sheeran - Shape of You (Official Music Video).mp3
6,Believer,Imagine Dragons,Evolve,Rock / Alternative,Energetic; Powerful,English,204:00:00,2017,Very High,songs/Imagine Dragons - Believer (Official Music Video).mp3
7,Faded,Alan Walker,Different World,Electronic / EDM,Melancholic; Soulful,English,212:00:00,2015,Very High,songs/Alan Walker - Faded.mp3
8,Mood,"24kGoldn, iann dior",El Dorado,Hip-Hop / Rap,Chill; Energetic,English,140:00:00,2020,Very High,songs/24kGoldn - Mood (Official Video) ft. iann dior.mp3
9,Lovely,"Billie Eilish, Khalid",Don't Smile at Me,Pop,Melancholic; Emotional,English,201:00:00,2018,Very High,"songs/Billie Eilish, Khalid - lovely.mp3"
10,Memories,Maroon 5,Jordi,Pop,Nostalgic; Sentimental,English,189:00:00,2019,Very High,songs/Maroon 5 - Memories (Official Video).mp3
11,There's Nothing Holdin' Me Back,Shawn Mendes,Illuminate,Pop Rock,Energetic; Uplifting,English,199:00:00,2017,Very High,songs/Shawn Mendes - There's Nothing Holdin' Me Back (Official Music Video).mp3
12,Cheap Thrills,Sia ft. Sean Paul,This Is Acting,Pop / Dancehall,Fun; Dance,English,224:00:00,2016,Very High,songs/Sia - Cheap Thrills (Lyrics) ft. Sean Paul.mp3
13,Beautiful,Christina Aguilera,Stripped,Pop / Soul,Empowering; Emotional,English,240:00:00,2002,Very High,"songs/Bazzi, Camila Cabello - Beautiful (Lyrics).mp3"
14,I'm a Mess,Bebe Rexha,Expectations,Pop,Heartfelt; Emotional,English,196:00:00,2018,High,songs/Bebe Rexha - I'm A Mess (Lyrics).mp3
15,None Of My Business,Cher Lloyd,Single,Pop,Confident; Sassy,English,213:00:00,2018,Medium,songs/Cher Lloyd - None Of My Business (Official Music Video).mp3
16,Blinding Lights,The Weeknd,After Hours,Synth-pop,Energetic; Nostalgic,English,200:00:00,2019,Very High,songs/The Weeknd - Blinding Lights (Official Video).mp3
17,Don't Start Now,Dua Lipa,Future Nostalgia,Disco / Pop,Confident; Dance,English,183:00:00,2019,Very High,songs/Dua Lipa - Don t Start Now (Official Music Video).mp3
18,Break My Heart,Dua Lipa,Future Nostalgia,Disco / Pop,Romantic; Dance,English,221:00:00,2020,Very High,songs/Dua Lipa - Break My Heart (Official Video).mp3
19,I Like Him,Princess Nokia,Everything Is Beautiful,Hip-Hop / Rap,Confident; Chill,English,136:00:00,2020,Medium,songs/Princess Nokia - I Like Him (Official Music Video).mp3
20,Levitating,Dua Lipa,Future Nostalgia,Disco / Pop,Happy; Dance,English,203:00:00,2020,Very High,songs/Dua Lipa - Levitating Featuring DaBaby (Official Music Video).mp3
21,MONTERO (Call Me By Your Name),Lil Nas X,Montero,Pop / Hip-Hop,Bold; Expressive,English,137:00:00,2021,Very High,sons/Lil Nas X - MONTERO (Call Me By Your Name) (Official Video).mp3
22,Kiss Me More,Doja Cat ft. SZA,Planet Her,Pop / R&B,Romantic; Playful,English,208:00:00,2021,Very High,songs/Doja Cat - Kiss Me More (Official Video) ft. SZA.mp3
23,Liar,Camila Cabello,Romance,Pop / Latin,Romantic; Dramatic,English,206:00:00,2019,High,songs/Camila Cabello - Liar.mp3
24,New Rules,Dua Lipa,Dua Lipa,Pop,Empowering; Fun,English,209:00:00,2017,Very High,songs/Dua Lipa - New Rules (Official Music Video).mp3
25,Can We Kiss Forever?,Kina ft. Adriana Proenza,Single,Lo-fi / Indie,Romantic; Chill,English,188:00:00,2018,High,songs/Kina - Can We Kiss Forever  (Lyrics) ft. Adriana Proenza.mp3
26,Kings & Queens,Ava Max,Heaven & Hell,Pop,Empowering; Energetic,English,162:00:00,2020,Very High,songs/Ava Max - Kings & Queens [Official Music Video].mp3
27,The Middle,"Zedd, Maren Morris, Grey",Single,Pop / EDM,Energetic; Fun,English,184:00:00,2018,Very High,"songs/Zedd, Maren Morris, Grey - The Middle (Official Music Video).mp3"
28,Meant to Be,Bebe Rexha ft. Florida Georgia Line,Expectations,Country Pop,Romantic; Uplifting,English,164:00:00,2017,Very High,songs/Bebe Rexha - Meant to Be (feat. Florida Georgia Line) [Official Music Video].mp3
29,Be Kind,"Marshmello, Halsey",Joytime III,Pop / EDM,Feel-good; Chill,English,168:00:00,2020,Very High,songs/Marshmello & Halsey - Be Kind (Official Music Video).mp3
30,Sucker,Jonas Brothers,Happiness Begins,Pop,Fun; Energetic,English,181:00:00,2019,Very High,songs/Jonas Brothers - Sucker (Official Video).mp3
31,bad guy,Billie Eilish,"When We All Fall Asleep, Where Do We Go?",Pop / Electropop,Dark; Playful,English,194:00:00,2019,Very High,songs/Billie Eilish - bad guy.mp3
32,What if I Told You That I Love You,Ali Gatie,Single,R&B / Pop,Romantic; Emotional,English,192:00:00,2020,High,songs/Ali Gatie - What If I Told You That I Love You [Official Music Video].mp3
33,Dancing in My Room,Drew Seeley,Single,Pop / Dance,Energetic; Fun,English,200:00:00,2019,High,songs/347aidan - DANCING IN MY ROOM (Official Music_Lyric Video).mp3
34,Hey Mama,"David Guetta, Nicki Minaj, Afrojack, Bebe Rexha",Listen,EDM / Pop,Energetic; Party,English,206:00:00,2015,Very High,"songs/David Guetta - Hey Mama (Official Video) ft Nicki Minaj, Bebe Rexha & Afrojack.mp3"
35,Into Your Arms,Witt Lowry,Single,Hip-Hop / Rap,Emotional; Romantic,English,190:00:00,2018,High,songs/Ava Max - Into Your Arms (NO RAP) [Lyrics_Vietsub] ~ TikTok Hits ~.mp3
36,Play Date,Melanie Martinez,Cry Baby,Indie Pop,Chill; Melancholic,English,232:00:00,2015,Very High,songs/Melanie Martinez - Play Date [Official Lyric Video].mp3
37,No Lie,"Sean Paul, Dua Lipa",Single,Reggae / Pop,Fun; Dance,English,204:00:00,2016,High,songs/Sean Paul - No Lie ft. Dua Lipa.mp3
38,Arcade,Duncan Laurence,Small Town Boy,Pop,Melancholic; Emotional,English,184:00:00,2019,Very High,songs/Duncan Laurence - Arcade (Lyric Video) ft. FLETCHER.mp3
39,SugarCrash!,ElyOtto,Single,Hyperpop / EDM,Fun; Energetic,English,145:00:00,2020,Very High,songs/ElyOtto - SugarCrash! (Official Video).mp3
40,Cradles,Sub Urban,Single,Alternative / Indie,Dark; Energetic,English,215:00:00,2019,Very High,songs/Sub Urban - Cradles [Official Music Video].mp3
41,Unstoppable,Sia,This Is Acting,Pop,Empowering; Uplifting,English,217:00:00,2016,Very High,songs/Sia - Unstoppable (Official Video - Live from the Nostalgic For The Present Tour).mp3
42,STAY,"The Kid LAROI, Justin Bieber",F*CK LOVE 3: OVER YOU,Pop / Hip-Hop,Energetic; Emotional,English,141:00:00,2021,Very High,"songs/The Kid LAROI, Justin Bieber - STAY (Official Video).mp3"
43,Beggin,Maneskin,Single,Rock / Pop,Energetic; Bold,English,214:00:00,2017,Very High,songs/Mĺneskin - Beggin  (Lyrics_Testo).mp3
44,Fairytale,Alexander Rybak,Fairytale,Pop,Romantic; Joyful,English,183:00:00,2009,High,songs/Alexander Rybak - Fairytale (Lyrics) Norway ???? Eurovision Winner 2009.mp3
45,Stereo Hearts,"Gym Class Heroes, Adam Levine",The Papercut Chronicles II,Pop / Hip-Hop,Fun; Romantic,English,216:00:00,2011,High,songs/Gym Class Heroes_ Stereo Hearts ft. Adam Levine [OFFICIAL VIDEO].mp3
46,We Don't Talk Anymore,"Charlie Puth, Selena Gomez",Nine Track Mind,Pop,Romantic; Melancholic,English,216:00:00,2016,Very High,songs/Charlie Puth - We Don t Talk Anymore (feat. Selena Gomez) [Official Video].mp3
47,Love Nwantiti,Ckay,Afrorave Vol. 1,Afrobeats / Pop,Romantic; Dance,English,174:00:00,2021,Very High,songs/CKay - Love Nwantiti (TikTok Remix) (Lyrics)  I am so obsessed I want to chop your nkwobi .mp3
48,Hall of Fame,The Script ft. will.i.am,#3,Pop / Inspirational,Motivational; Uplifting,English,202:00:00,2012,Very High,songs/The Script - Hall of Fame (Official Video) ft. will.i.am.mp3
49,Dusk Till Dawn,Zayn ft. Sia,Mind of Mine,Pop,Romantic; Dramatic,English,271:00:00,2017,Very High,songs/ZAYN - Dusk Till Dawn (Official Video) ft. Sia.mp3
50,Dance Monkey,Tones and I,The Kids Are Coming,Pop / Indie,Energetic; Fun,English,209:00:00,2019,Very High,songs/TONES AND I - DANCE MONKEY (OFFICIAL VIDEO).mp3
51,Attention,Charlie Puth,Voicenotes,Pop,Romantic; Confident,English,211:00:00,2017,Very High,songs/Charlie Puth - Attention [Official Video].mp3
52,idfc,blackbear,digital druglord,R&B / Hip-Hop,Melancholic; Chill,English,213:00:00,2015,High,songs/blackbear - idfc (Lyrics).mp3
53,INDUSTRY BABY,"Lil Nas X, Jack Harlow",Montero,Hip-Hop / Pop,Energetic; Bold,English,212:00:00,2021,Very High,"songs/Lil Nas X, Jack Harlow - INDUSTRY BABY (Official Video).mp3"
54,Perfect,Ed Sheeran,÷ (Divide),Pop / Romantic,Romantic; Emotional,English,263:00:00,2017,Very High,songs/Ed Sheeran - Perfect (Official Music Video).mp3
55,Dandelions,Ruth B,Safe Haven,Pop / Indie,Romantic; Emotional,English,208:00:00,2017,High,songs/Ruth B. - Dandelions (Lyrics).mp3
56,Wannabe,Spice Girls,Spice,Pop,Fun; Energetic,English,174:00:00,1996,Very High,songs/why mona - Wannabe (Lyrics).mp3
57,MIDDLE OF THE NIGHT,Elley Duhé,Single,Pop / Dance,Energetic; Dramatic,English,162:00:00,2020,High,songs/Elley Duhé - MIDDLE OF THE NIGHT (Official Video).mp3
58,Bad Boy ,Juice WRLD,Goodbye & Good Riddance,Hip-Hop / Rap,Energetic; Bold,English,195:00:00,2018,High,songs/Raaban feat. Tungevaag & Luana Kiara - Bad Boy (feat. Luana Kiara).mp3
59,Ginseng Strip 2002,Yung Lean,Unknown Death 2002,Cloud Rap / Hip-Hop,Melancholic; Chill,English,212:00:00,2013,High,songs/Yung Lean ? Ginseng Strip 2002 ?.mp3
60,One Kiss,"Calvin Harris, Dua Lipa",Single,EDM / Dance,Energetic; Romantic,English,275:00:00,2018,Very High,"songs/Calvin Harris, Dua Lipa - One Kiss (Official Video).mp3"
61,Until I Found You,Stephen Sanchez,Single,Pop / Indie,Romantic; Emotional,English,186:00:00,2021,High,songs/ Stephen Sanchez - Until I Found You (Official Video).mp3
62,"Sex, Drugs, Etc","BEAUZ, QUIN",Single,Pop / EDM,Energetic; Bold,English,191:00:00,2020,High,"songs/Beach Weather - Sex, Drugs, Etc. (Official Video).mp3"
63,SNAP,Rosa Linn,Single,Pop,Energetic; Emotional,English,182:00:00,2022,High,songs/Rosa Linn - SNAP (Lyrics).mp3
64,Animals,Martin Garrix,Animals,EDM / Dance,Energetic; Party,English,303:00:00,2013,Very High,songs/Maroon 5 - Animals (Lyrics).mp3
65,Bloody Mary,Lady Gaga,Born This Way,Pop,Dark; Energetic,English,245:00:00,2011,Very High,songs/Lady Gaga - Bloody Mary (Official Audio).mp3
66,Mockingbird,Eminem,Encore,Hip-Hop / Rap,Emotional; Reflective,English,251:00:00,2004,Very High,songs/Eminem - Mockingbird [Official Music Video].mp3
67,Love Story,Taylor Swift,Fearless,Country Pop / Pop,Romantic; Emotional,English,235:00:00,2008,Very High,songs/Indila - Love Story (Official Music Video).mp3
68,Renegade,K Camp,Wayy 2 Kritical,Hip-Hop / Rap,Energetic; Bold,English,195:00:00,2020,High,songs/Aaryan Shah - Renegade [Official Video].mp3
69,See You Again,Wiz Khalifa ft. Charlie Puth,Furious 7: Original Motion Picture Soundtrack,Hip-Hop / Pop,Emotional; Nostalgic,English,230:00:00,2015,Very High,songs/Wiz Khalifa - See You Again ft. Charlie Puth [Official Video] Furious 7 Soundtrack.mp3
70,I Wanna Be Yours,Arctic Monkeys,AM,Indie Rock / Alternative,Romantic; Chill,English,183:00:00,2013,High,songs/I Wanna Be Yours.mp3
71,golden hour,JVKE,Single,Pop / Indie,Romantic; Chill,English,205:00:00,2022,High,songs/JVKE - golden hour (official music video).mp3
72,DARKSIDE,"Alan Walker, Au/Ra, Tomine Harket",Different World,EDM / Pop,Dark; Energetic,English,215:00:00,2018,Very High,songs/NEONI - Darkside (Lyrics).mp3
73,Old Town Road,Lil Nas X,7 EP,Hip-Hop / Country Rap,Fun; Energetic,English,157:00:00,2019,Very High,songs/Lil Nas X - Old Town Road (Official Video) ft. Billy Ray Cyrus.mp3
74,Night Changes,One Direction,Four,Pop,Romantic; Emotional,English,225:00:00,2014,Very High,songs/One Direction - Night Changes.mp3
75,Skyfall,Adele,Skyfall (Single),Pop / Ballad,Dramatic; Emotional,English,286:00:00,2012,Very High,songs/Adele - Skyfall (Official Lyric Video).mp3
76,Ride It,Regard,Single,EDM / Dance,Energetic; Chill,English,185:00:00,2019,Very High,songs/JAY SEAN - RIDE IT.mp3
77,7 Years,Lukas Graham,Lukas Graham,Pop / Soul,Reflective; Emotional,English,239:00:00,2015,Very High,songs/Lukas Graham - 7 Years [Official Music Video].mp3
78,Six Days,DJ Shadow,The Private Press,Hip-Hop / Instrumental,Dark; Chill,English,213:00:00,2002,High,songs/Six Days (Lyrics) - Tokyo Drift __  it s only monday .mp3
79,Everyday Normal Guy 2,Yung Gravy,Gasanova,Hip-Hop / Rap,Humorous; Chill,English,200:00:00,2020,Medium,songs/Everyday Normal Guy 2.mp3
80,Sweater Weather,The Neighbourhood,I Love You.,Alternative / Indie,Romantic; Chill,English,240:00:00,2012,Very High,songs/The Neighbourhood - Sweater Weather (Official Video).mp3
81,Harleys in Hawaii,Katy Perry,Smile,Pop,Chill; Fun,English,196:00:00,2020,High,songs/Katy Perry - Harleys In Hawaii (Official).mp3
82,The Hanging Tree,"James Newton Howard, Jennifer Lawrence","The Hunger Games: Mockingjay, Part 1",Soundtrack / Pop,Dramatic; Emotional,English,257:00:00,2014,High,songs/The Hanging Tree’ James Newton Howard ft. Jennifer Lawrence (Official Audio).mp3
83,Rasputin,Boney M.,Nightflight to Venus,Disco / Pop,Energetic; Dance,English,270:00:00,1978,Very High,songs/Boney M. - Rasputin (Sopot Festival 1979).mp3
84,Under The Influence,Chris Brown,Indigo,R&B / Pop,Chill; Romantic,English,239:00:00,2019,High,songs/Chris Brown - Under The Influence (Official Video).mp3
85,Sapphire,Tez Cadey,Single,Electronic / Chill,Chill; Uplifting,English,230:00:00,2020,Medium,songs/Ed Sheeran - Sapphire (Official Music Video).mp3
86,Without Me,Halsey,Manic,Pop / Electropop,Emotional; Reflective,English,201:00:00,2018,Very High,songs/Eminem - Without Me (Official Music Video).mp3
87,Superman,Eminem,The Eminem Show,Hip-Hop / Rap,Energetic; Bold,English,350:00:00,2002,Very High,songs/Eminem - Superman (Clean Version) ft. Dina Rae.mp3
88,Starboy,The Weeknd ft. Daft Punk,Starboy,R&B / Pop,Cool; Energetic,English,230:00:00,2016,Very High,songs/The Weeknd - Starboy ft. Daft Punk (Official Video) ft. Daft Punk.mp3
89,The Real Slim Shady,Eminem,The Marshall Mathers LP,Hip-Hop / Rap,Humorous; Bold,English,284:00:00,2000,Very High,songs/Eminem - The Real Slim Shady (Official Video - Clean Version).mp3
90,Rap God,Eminem,The Marshall Mathers LP 2,Hip-Hop / Rap,Energetic; Fast-paced,English,363:00:00,2013,Very High,songs/Eminem - Rap God (Explicit).mp3
91,Sing For The Moment,Eminem,The Eminem Show,Hip-Hop / Rap,Emotional; Reflective,English,339:00:00,2002,Very High,songs/Eminem - Sing For The Moment (Official Music Video).mp3
92,Stan,Eminem ft. Dido,The Marshall Mathers LP,Hip-Hop / Rap,Dark; Emotional,English,404:00:00,2000,Very High,songs/Eminem - Stan (Lyrics) ft. Dido.mp3
93,Timeless,Sander van Doorn,Single,Electronic / EDM,Energetic; Uplifting,English,265:00:00,2020,Medium,"songs/The Weeknd, Playboi Carti - Timeless.mp3"
94,Die For You,The Weeknd,Starboy,R&B / Pop,Romantic; Emotional,English,260:00:00,2016,Very High,"songs/The Weeknd, Ariana Grande - Die For You (Remix _ Lyric Video).mp3"
95,Sao Paulo,Burna Boy,Twice As Tall,Afrobeats / Pop,Energetic; Uplifting,English,213:00:00,2020,High,songs/The Weeknd - Săo Paulo (Official Audio).mp3
96,Cry For Me,Camila Cabello,Cry For Me (Single),Pop,Emotional; Dramatic,English,225:00:00,2021,High,songs/The Weeknd - Cry For Me (Official Music Video).mp3
97,Popular,The Weeknd,Beauty Behind the Madness,R&B / Pop,Confident; Energetic,English,212:00:00,2015,High,"songs/The Weeknd, Madonna, Playboi Carti - Popular (Official Music Video).mp3"
98,Reminder,The Weeknd,Starboy,R&B / Pop,Cool; Energetic,English,210:00:00,2016,High,songs/The Weeknd - Reminder (Official Video).mp3
99,After Hours,The Weeknd,After Hours,R&B / Pop,Emotional; Dark,English,234:00:00,2020,Very High,songs/The Weeknd - After Hours (Audio).mp3
100,Heartless,The Weeknd,After Hours,R&B / Pop,Dark; Emotional,English,200:00:00,2019,Very High,songs/The Weeknd - Heartless (Official Video).mp3
101,Often,The Weeknd,Beauty Behind the Madness,R&B / Pop,Seductive; Chill,English,304:00:00,2014,High,songs/Often (Kygo Remix).mp3
102,Boombastic,Shaggy,Boombastic,Reggae / Pop,Fun; Dance,English,248:00:00,1995,Very High,songs/Shaggy - Mr. Boombastic (Lyrics).mp3
103,Say My Name,"David Guetta, Bebe Rexha, J Balvin",7,EDM / Pop,Energetic; Dance,English,195:00:00,2018,Very High,"songs/David Guetta, Bebe Rexha & J Balvin - Say My Name (Official Video).mp3"
104,Taki Taki,"DJ Snake, Selena Gomez, Ozuna, Cardi B",Carte Blanche,Reggaeton / EDM,Energetic; Dance,English,212:00:00,2018,Very High,"songs/DJ Snake - Taki Taki ft. Selena Gomez, Ozuna, Cardi B (Official Music Video).mp3"
105,Waka Waka (This Time for Africa),Shakira ft. Freshlyground,Oral Fixation Vol. 2,Pop / World,Energetic; Uplifting,English,202:00:00,2010,Very High,songs/Shakira - Waka Waka (This Time for Africa) (The Official 2010 FIFA World Cup™ Song).mp3
106,Dhun laagi,Sachinâ€“Jigar (composer); Jigardan Gadhavi (vocals),Love Ni Bhavai (Original Motion Picture Soundtrack),Film / Gujarati,Romantic,Gujarati,274:00:00,2017,High,songs/Dhun Laagi _ Love Ni Bhavai _ Sachin-Jigar _ Siddharth Amit Bhavsar _ Gujarati Song.mp3
107,Vhalam avo ne,Jigardan Gadhavi,Love Ni Bhavai (OST),Film / Gujarati,Romantic / Folk,Gujarati,319:00:00,2017,High,songs/Vhalam Aavo Ne _ Full Audio Song _ Love Ni Bhavai _ Sachin-Jigar _ Jigardan Gadhavi.mp3
108,Duntara,Kirtidan Gadhvi,Gujarati Folk,Folk,Energetic; Cultural,Gujarati,360:00:00,2019,High,songs/Duntara _ Richa Sharma feat Hansraj Raghuwanshi _ Umang Doshi.mp3
109,Ya Re Ya,Kirtidan Gadhvi,Gujarati Folk,Folk,Energetic; Cultural,Gujarati,360:00:00,2018,High,songs/Ya Re Ya _ Ventilator _ Rohan Pradhan _ Lyrical _ Ganpati Song _ Ganesh Chaturthi.mp3
110,Khalasi,"Aditya Gadhvi, Achint",Coke Studio Bharat,Folk Fusion,Energetic; Vibrant,Gujarati,280:00:00,2023,Very High,songs/Coke Studio Bharat _ Khalasi _ Aditya Gadhvi x Achint.mp3
111,Vichudo,Kinjal Dave,Gujarati Folk,Folk,Romantic; Traditional,Gujarati,330:00:00,2017,High,songs/Vichudo - Kinjal Dave - New Navratri Song 2024 - KD Digital.mp3
112,Gal Goto Me Zuk Ne Lidho,Kinjal Dave,Gujarati Folk,Folk,Romantic; Traditional,Gujarati,300:00:00,2016,High,songs/Galgoto Me Zukine Lidho _ Geeta Rabari _ New Gujarati Garba 2024 _ Navratri Spacial.mp3
113,Jilan Jilva Gya Ta,Gujarati Folk Artist,Gujarati Folk,Folk,Energetic; Cultural,Gujarati,300:00:00,2025,High,songs/Jilan Jilva Gya Ta Garba Song _ Jahnvi Shrimankar _ Twinkal P _ Unnati P_ Vidhi P _ Gujarati Song.mp3
114,Tetudo,Kirtidan Gadhvi,Gujarati Folk,Folk,Energetic; Cultural,Gujarati,360:00:00,2019,High,songs/??????? _ Geeta Rabari s Latest Hit Song  tetudo  Taking The Internet By Storm!.mp3
115,Helo Maro,Gujarati Folk Artist,Gujarati Folk,Folk,Energetic; Cultural,Gujarati,300:00:00,2023,High,songs/Helo Maro - Official Music Video _ Sachin Sanghvi _ Sachin-Jigar.mp3
116,Moti Verana,Kirtidan Gadhvi,Gujarati Folk,Folk,Emotional; Cultural,Gujarati,390:00:00,2018,High,songs/Moti Veraana _ New Navratri Song 2020 _ Songs of Faith _ Amit Trivedi feat. Osman Mir _ AT Azaad.mp3
117,Dholida,"Usha Uthup, Kinjal Dave",Loveyatri,Folk; Garba,Energetic; Festive,Gujarati,210:00:00,2018,Very High,"songs/Dholida Full Video _ LOVEYATRI _ Aayush S _ Warina H_Neha Kakkar, Udit N, Palak M, Raja H,Tanishk B.mp3"
118,Mathura Ma Vagi Morli,Gujarati Folk Artist,Gujarati Folk,Devotional; Folk,Spiritual; Peaceful,Gujarati,300:00:00,2016,High,songs/Mathura Ma Vagi Morli _ Herry Nakum _ ????? ?? ???? ????? _ Navratri Garbo _ #traditionaldance.mp3
119,Sanedo,Falguni Pathak,Traditional Garba,Folk; Garba,Energetic; Festive,Gujarati,330:00:00,2019,Very High,songs/Sanedo _ Jignesh Barot _ Tatsat Munshi _ Aarohi _ Parth Thakkar _ Maniraj Barot _ Navratri Song 2025.mp3
120,Kesariyo,Falguni Pathak,Gujarati Folk,Folk; Garba,Festive; Joyful,Gujarati,300:00:00,2022,Very High,"songs/Kesariyo Rang (Video) Lijo G, Dj Chetas _ Asees K, Dev N _ Avneet Kaur, Shantanu Maheshwari _ Kumaar.mp3"
121,Dakla,Falguni Pathak,Gujarati Folk,Folk; Garba,Energetic; Festive,Gujarati,300:00:00,2017,Very High,songs/Bandish projekt - Dakla 2 Feat. @Aishwaryajoshimusic  & Maulik Nayak.mp3
122,Kum Kum Pagle Madi Padharo,Gujarati Folk Artist,Gujarati Folk,Folk; Devotional,Spiritual; Cultural,Gujarati,300:00:00,2014,High,songs/KUMKUM PAGLE MADI PADHARO RE.mp3
123,Kano Dwarika Vado,Gujarati Folk Artist,Gujarati Folk,Devotional; Folk,Spiritual; Cultural,Gujarati,300:00:00,2021,High,songs/Kano Dwarika Vado _ Rajesh Ahir.mp3
124,Mann Melo,Aditya Gadhvi,Gujarati Folk,Folk Fusion,Romantic; Emotional,Gujarati,270:00:00,2020,High,songs/Mann Melo (HD) _ Sharato Lagu _ Malhar Thakar Ane Deeksha Joshi Nu Romantic Gujarati Song.mp3
125,Pratham Shree Ganesha,Traditional,Ganesh Bhajan,Devotional,Spiritual; Uplifting,Gujarati,270:00:00,2024,Very High,songs/Pratham Pehla - Shankar Mahadevan @MasterShankarMahadevan  _ Priya Saraiya _  Vaarso Season 3.mp3
126,Nathni,Kinjal Dave,Gujarati Folk,Folk,Romantic; Traditional,Gujarati,300:00:00,2017,High,songs/Nathni _ Aishwarya Majmudar _ Buddhaa M. _ Manas S. _ Harit Zaveri Jewelers _ Wedding Song ??.mp3
127,Taro Maro Sath,Kinjal Dave,Gujarati Folk,Folk,Romantic; Cultural,Gujarati,300:00:00,2017,High,songs/Taro Maro Sath _ New Gujarati Song _ Kairavi Buch _ Valam _ Gujarti Love Songs @KairaviBuchOfficial.mp3
128,Pa Pa Pagli,Kinjal Dave,Gujarati Folk,Folk,Romantic; Traditional,Gujarati,300:00:00,2017,High,songs/Pa Pa Pagli _ Sachin-Jigar _ Sonu Nigam _ Siddharth Randeria _ Gujarati Song _ Chaal Jeevi Laiye.mp3
129,Athdaya Kru Chhu,Gujarati Folk Artist,Gujarati Folk,Folk,Romantic; Emotional,Gujarati,300:00:00,2018,High,songs/Athdaya Kare Chhe _ Love Ni Bhavai _ Sachin-Jigar _ Punit Gandhi & Smita Jain.mp3
130,Maru Man Mohi Gayu,Gujarati Folk Artist,Gujarati Folk,Folk,Romantic; Emotional,Gujarati,300:00:00,2020,High,songs/Maru Man Mohi Gayu _ Gujarati Song _ Santvani Trivedi  _ Love Song.mp3
131,Kehvu Ghanu,Kinjal Dave,Gujarati Folk,Folk,Romantic; Emotional,Gujarati,300:00:00,2018,High,songs/Kehvu ghanu ghanu che __ Chello Divas __ Love song __ gujarati song __ Abrar Pinjara.mp3
132,Kanha Mne Dwarika Dekhad,Gujarati Folk Artist,Gujarati Folk,Devotional; Folk,Spiritual; Emotional,Gujarati,300:00:00,2019,High,songs/Kana Mane Dwarika Dekhad _ Kairavi Buch _ Bhavin Bhanushali _ New Gujarati Song 2021.mp3
133,Chand Ne Kaho,Kirtidan Gadhvi,Gujarati Folk,Folk,Romantic; Emotional,Gujarati,360:00:00,2018,High,songs/Lyrical_ Chaand Ne Kaho _ Sachin-Jigar _ Jigardan _ Yash S _ Chaal Jeevi Laiye _ Zen Music Gujarati.mp3
134,Kon Halave Limdi,Falguni Pathak,Gujarati Folk,Folk; Garba,Festive; Joyful,Gujarati,300:00:00,2021,Very High,songs/Kon Halave Limbdi _ Keerthi Sagathia ft. Nysa Sagathia _ Rakshabandhan Special.mp3
135,Saybo Re Govaliyo,Gujarati Folk Artist,Gujarati Folk,Devotional; Folk,Spiritual; Cultural,Gujarati,300:00:00,2020,High,"songs/SAIBO RE - Kirtidan Gadhvi, Priya Saraiya_ ????? ?? _ New Gujarati Song 2020 _ Gujarati Song 2020.mp3"
136,Kaho Poonam Na,Gujarati Folk Artist,Gujarati Folk,Folk,Romantic; Traditional,Gujarati,300:00:00,2021,High,songs/Kaho Poonam Na - Dhaval Kothari ft. Simran Choudhary _ Folktales _ Navratri 2019.mp3
137,Bol Valam Na,Kinjal Dave,Gujarati Folk,Folk,Romantic; Emotional,Gujarati,300:00:00,2017,High,songs/Bol Valam Na _ Ishani Dave _ New Gujarati Song _  Umbre Ubhi Sambhalu Re.mp3
138,He Tane Jata Joi,Gujarati Folk Artist,Gujarati Folk,Folk,Romantic; Emotional,Gujarati,300:00:00,2016,High,songs/Tane Jata Joi _ ??? ???? ??? ?????? _ Singer_ Parthiv Gohil _ Music_ Gaurang Vyas.mp3
139,Manda Lidha Mohi Raj,Kinjal Dave,Gujarati Folk,Folk,Romantic; Emotional,Gujarati,300:00:00,2017,High,songs/Gori Tame Manda Lidha Mohi Raj - Umesh Barot _ Ishani Dave _ Saiyar Mori Re _ New Gujarati Song 2022.mp3
140,Madhav Matvalo,Gujarati Folk Artist,Gujarati Folk,Folk,Energetic; Festive,Gujarati,300:00:00,2021,High,songs/Madhav Matvalo.mp3
141,Ghanu Jeevo,Traditional,Gujarati Folk,Folk,Blessing; Festive,Gujarati,270:00:00,2019,Very High,songs/Ghanu Jeevo _ Sachin-Jigar _ Bhoomi Trivedi _ Aarohi _ Gujarati Song _ Chaal Jeevi Laiye.mp3
142,Vhal No Dariyo,Kirtidan Gadhvi,Gujarati Folk,Folk,Romantic; Emotional,Gujarati,360:00:00,2019,High,songs/Vhal no Dariyo _ Mele thi _ @SantvaniTrivediMusic _ New Gujarati Song _ Aakash Parmar.mp3
143,Unchi Talavdi,Gujarati Folk Artist,Gujarati Folk,Folk,Festive; Traditional,Gujarati,300:00:00,2020,High,songs/Unchi Talavdi - Electro Version _ Santvani Trivedi _ Aakash Parmar _ New Gujarati Song _ Audio Wing.mp3
144,Radha Ne Shyam Mli Jase,Gujarati Folk Artist,Gujarati Folk,Devotional; Folk,Romantic; Spiritual,Gujarati,300:00:00,2018,High,songs/RADHA NE SHYAM MALI JASHE _ Sachin-Jigar_ Sachin Sanghvi_ Shruti Pathak_Aadil Khan_Simran Natekar.mp3
145,Ghoome Jaye Re,Gujarati Folk Artist,Gujarati Folk,Folk; Garba,Festive; Joyful,Gujarati,300:00:00,2019,High,songs/Ghoome Jaaye Re.mp3
146,Pankhi Re,Gujarati Folk Artist,Gujarati Folk,Folk,Romantic; Emotional,Gujarati,300:00:00,2018,High,songs/Pankhi Re SONG _ Sharato Lagu GUJARATI FILM _ Malhar Thakar (Chhello Divas) & Deeksha Joshi.mp3
147,Chogada,"Darshan Raval, Asees Kaur",Loveyatri,Bollywood; Garba,Energetic; Festive,Gujarati,210:00:00,2018,Very High,"songs/Chogada With Lyrics  _ Loveyatri _ Aayush Sharma _ Warina Hussain _Darshan Raval, Lijo-DJ Chetas.mp3"
148,Kamariya,Darshan Raval,Mitron,Bollywood; Dance,Energetic; Festive,Gujarati,200:00:00,2018,Very High,"songs/Kamariya - Official Music Video _ Jackky Bhagnani, Kritika _ Darshan Raval _ Lijo Gorge _ Dj Chetas.mp3"
149,Odhani,"Darshan Raval, Neha Kakkar",Made In China,Bollywood; Dance,Festive; Energetic,Gujarati,210:00:00,2019,Very High,songs/Odhani – Made In China _ Rajkummar Rao & Mouni Roy _  Neha Kakkar & Darshan Raval _ Sachin – Jigar.mp3
150,Kabira,Rekha Bhardwaj & Tochi Raina (original); Arijit Singh & Harshdeep Kaur (encore),Yeh Jawaani Hai Deewani (OST),Filmi / Sufi,Melancholic / Reflective,Hindi,203:00:00,2013,Very High,"songs/Kabira Full Song  Yeh Jawaani Hai Deewani _ Pritam _ Ranbir Kapoor, Deepika Padukone.mp3"
151,Ishq wala love,"Neeti Mohan, Salim Merchant, Shekhar Ravjiani (performers)",Student of the Year (OST),Bollywood / Pop,Upbeat / Romantic,Hindi,257:00:00,2012,High,"songs/Ishq Wala Love _  SOTY _ Alia Bhatt, Sidharth Malhotra, Varun Dhawan _ Neeti Mohan _ 4K.mp3"
152,Mai rahoon ya na rahoon,Armaan Malik,Main Rahoon Ya Na Rahoon (single),Bollywood / Pop,Romantic,Hindi,309:00:00,2015,Medium,"songs/Main Rahoon Ya Na Rahoon Full Video _ Emraan Hashmi, Esha Gupta _ Amaal Mallik, Armaan Malik.mp3"
153,Kaise hua,Vishal Mishra / Arijit Singh?,Kabir Singh (OST),Bollywood / Pop,Romantic / Melancholic,Hindi,227:00:00,2019,High,"songs/LYRICAL_ Kaise Hua _ Kabir Singh _ Shahid K, Kiara A, Sandeep V _ Vishal Mishra, Manoj Muntashir.mp3"
154,Samjhawan,Arijit Singh & Shreya Ghoshal,Humpty Sharma Ki Dulhania (OST),Filmi / Punjabi Folk,Romantic / Soulful,Hindi,274:00:00,2014,Very High,"songs/Arijit Singh, Shreya Ghoshal - Samjhawan - Lyric video _ Alia B, Varun D _ Humpty Sharma Ki Dulhania.mp3"
155,Jeena jeena,Atif Aslam,Badlapur (OST),Bollywood / Pop,Romantic,Hindi,282:00:00,2015,High,"songs/Jeena Jeena (Audio Song) _ Badlapur _ Varun Dhawan, Yami Gautam & Nawazuddin Siddiqui.mp3"
156,Tum se hi,Mohit Chauhan,Jab We Met (OST),Filmi / Pop,Romantic,Hindi,268:00:00,2007,Very High,"songs/Tum Se Hi Lyrcial _ Jab We Met _ Kareena Kapoor, Shahid Kapoor _ Mohit Chauhan _ Pritam.mp3"
157,Mere sohneya,K.K. or Sachet?,Can be multiple songs titled 'Mere Sohneya',Bollywood / Pop,Romantic,Hindi,193:00:00,2019,Very High,"songs/Full Song_ Mere Sohneya _ Kabir Singh _ Shahid K, Kiara A, Sandeep V _ Sachet - Parampara _ Irshad K.mp3"
158,Saibo,Tochi Raina & Shreya Ghoshal,Shor in the City (OST),Bollywood / Romantic,Romantic,Hindi,246:00:00,2011,High,"songs/Saibo - Lyric Video _ Shor In The City _ Radhika Apte, Tusshar Kapoor _ Shreya Ghoshal _ Tochi Raina.mp3"
159,Ranjha,Jasleen Royal & B. Praak,Shershaah (OST),Bollywood / Romantic,Romantic,Hindi,228:00:00,2021,Very High,songs/Ranjha – Official Video _ Shershaah _ Sidharth–Kiara _ B Praak _ Jasleen Royal _ Romy _ Anvita Dutt.mp3
160,Love you zindagi,Amit Trivedi & Jasleen Royal,Dear Zindagi (OST),Bollywood / Pop Melody,Upbeat / Happy,Hindi,221:00:00,2016,High,songs/Love You Zindagi Full Video - Dear Zindagi _ Alia Bhatt _Shah Rukh Khan _Jasleen Royal _ Amit T.mp3
161,Mere nam tu,Abhay Jodhpurkar,Zero (OST),Bollywood / Romantic,Romantic,Hindi,331:00:00,2018,High,"songs/ZERO_ Mere Naam Tu Lyrical Song _ Shah Rukh Khan, Anushka Sharma, Katrina Kaif _ T-Series.mp3"
162,Maan meri jaan,King,Champagne Talk,Indie Pop,Romantic,Hindi,194:00:00,2022,Very High,songs/Maan Meri Jaan _ Official Music Video _ Champagne Talk _ King.mp3
163,Chaan baaliya,Aditya A,Single,Indie Pop,Romantic,Hindi,103:00:00,2020,High,songs/Chaand Baaliyan – Aditya A. _ Trending Song _ Official Video.mp3
164,Budhhu sa mann,Armaan Malik & Amaal Mallik,Kapoor & Sons (OST),Bollywood / Romantic,Happy / Playful,Hindi,190:00:00,2016,High,songs/Buddhu Sa Mann Lyric Video – Kapoor & Sons _ Sidharth _ Alia _ Rishi Kapoor _ Armaan _ Amaal.mp3
165,Befikra,Meet Bros & Aditi Singh Sharma,Single,Pop / Party,Upbeat / Dance,Hindi,205:00:00,2016,Medium,"songs/Befikra FULL SONG with Lyrics _ Tiger Shroff, Disha Patani _ Meet Bros ADT _ Sam Bombay.mp3"
166,Tum hi ho bandhu,"Neeraj Shridhar, Kavita Seth",Cocktail,Bollywood / Pop,Feel-Good; Party+K167,Hindi,260:00:00,2012,High,songs/Tum Hi Ho Bandhu- Cocktail HQ (Audio).mp3
167,Lat lag gaye,"Benny Dayal, Shalmali Kholgade",Race 2,Bollywood / Dance,Party; Upbeat,Hindi,245:00:00,2013,High,songs/Lat Lag Gayee Full Video _ Race 2 _ Saif Ali khan and Jacqueline fernandez _ Pritam _ Tips Official.mp3
168,Girl i need you,"Arijit Singh, Khushboo Grewal",Baaghi,Bollywood / Pop,Romantic; Emotional,Hindi,310:00:00,2016,High,"songs/Girl I Need You Lyrical _ BAAGHI _ Tiger, Shraddha _ Arijit Singh, Meet Bros, Roach Killa, Khushboo.mp3"
169,Jab tak,Armaan Malik,M.S. Dhoni: The Untold Story,Bollywood / Pop,Romantic; Melodic,Hindi,290:00:00,2016,Very High,"songs/JAB TAK Video Song _ M.S. DHONI -THE UNTOLD STORY _ Armaan Malik, Amaal Mallik _Sushant Singh Rajput.mp3"
170,Offo,"Aditi Singh Sharma, Amitabh Bhattacharya",2 States,Bollywood / Pop,Fun; Upbeat,Hindi,230:00:00,2014,High,songs/Offo Full Video Song _ 2 States _ Arjun Kapoor _ Alia Bhatt _ Amitabh Bhattacharya.mp3
171,Matargashti,Mohit Chauhan,Tamasha,Bollywood / Folk Pop,Carefree; Happy,Hindi,330:00:00,2015,High,"songs/MATARGASHTI full VIDEO Song _ TAMASHA Songs 2015 _ Ranbir Kapoor, Deepika Padukone _ T-Series.mp3"
172,Nayan,"Dhvani Bhanushali, Jubin Nautiyal",Single,Bollywood / Indie Pop,Romantic; Soft,Hindi,220:00:00,2020,High,songs/Nayan Video Song _ Dhvani B Jubin N _ Lijo G Dj Chetas Manoj M Manhar U _ Radhika Vinay _  Bhushan K.mp3
173,Subhanallah,"Sreeram Chandra, Shilpa Rao",Yeh Jawaani Hai Deewani,Bollywood / Romantic,Soothing; Romantic,Hindi,250:00:00,2013,Very High,"songs/Subhanallah   Full Video Song _ Yeh Jawaani Hai Deewani _ Pritam _ Ranbir Kapoor, Deepika Padukone.mp3"
174,Woh din,"Arijit Singh, Pritam",Chhichhore,Bollywood / Soft Rock,Nostalgic; Emotional,Hindi,300:00:00,2019,High,"songs/ARIJIT SINGH_ Woh Din Lyrical _ Chhichhore _ Sushant, Shraddha _ Pritam, Amitabh.mp3"
175,Tu hi hai,Arijit Singh,Half Girlfriend,Bollywood / Pop,Romantic; Happy,Hindi,255:00:00,2017,High,songs/Tu Hi Hai - Full Video _ Half Girlfriend _ Arjun Kapoor & Shraddha Kapoor _ Rahul Mishra.mp3
176,Radha,"Shreya Ghoshal, Vishal-Shekhar",Student of the Year,Bollywood / Dance Pop,Peppy; Party,Hindi,230:00:00,2012,Very High,songs/Radha - SOTY _ Alia Bhatt _ Sidharth Malhotra _ Varun Dhawan _ Udit Narayan _ Shreya Ghoshal _ 4K.mp3
177,Uff teri adda,"Shankar Mahadevan, Alyssa Mendonsa",Karthik Calling Karthik,Bollywood / Pop Rock,Stylish; Energetic,Hindi,250:00:00,2010,High,"songs/Uff Teri Adaa Full Video Song _ Karthik Calling Karthik _ Farhan Akhtar, Deepika Padukone.mp3"
178,Ik vaari aa,Arijit Singh,Raabta,Bollywood / Pop,Romantic; Energetic,Hindi,280:00:00,2017,High,songs/Ik Vaari Aa Full Song _ Raabta _ Sushant Singh Rajput & Kriti Sanon _ Pritam Arijit Singh Amitabh B.mp3
179,Iski uski,"Amitabh Bhattacharya, Shahid Mallya",2 States,Bollywood / Pop,Fun; Wedding Vibes,Hindi,240:00:00,2014,High,"songs/Iski Uski FULL Video Song _ 2 States _ Arjun Kapoor, Alia Bhatt.mp3"
180,Pehla pyaar,Armaan Malik,Kabir Singh,Bollywood / Pop,Romantic; Emotional,Hindi,285:00:00,2019,Very High,"songs/Full Song_ Pehla Pyaar _ Kabir Singh _ Shahid Kapoor, Kiara Advani _ Armaan Malik _ Vishal Mishra.mp3"
181,Mast magan,"Arijit Singh, Chinmayi",2 States,Bollywood / Romantic,Soulful; Romantic,Hindi,280:00:00,2014,Very High,"songs/Mast Magan Full Song with Lyrics _ 2 States _ Arijit Singh _ Arjun Kapoor, Alia Bhatt.mp3"
182,Malang sajna,"Sachet Tandon, Parampara Tandon",Single,Bollywood / Pop,Romantic; Dance,Hindi,210:00:00,2022,High,"songs/Malang Sajna (Video) Sachet Tandon, Parampara Tandon _ Adil Shaikh, Kumaar _ Bhushan Kumar.mp3"
183,Main rang sharbaton ka,"Atif Aslam, Chinmayi",Phata Poster Nikhla Hero,Bollywood / Romantic,Romantic; Soft,Hindi,300:00:00,2013,Very High,songs/Main Rang Sharbaton Ka _ Arijit Singh _ Phata Poster Nikhla Hero _ 2013.mp3
184,Ajab si,KK,Om Shanti Om,Bollywood / Romantic,Dreamy; Emotional,Hindi,245:00:00,2007,Very High,songs/Aankhon Mein Teri Ajab Si (Lyrical) Om Shanti Om _ K.K. _ Shahrukh Khan _ Deepika Padukone.mp3
185,Tera hone laga hoon,"Atif Aslam, Alisha Chinai",Ajab Prem Ki Ghazab Kahani,Bollywood / Romantic,Romantic; Melodic,Hindi,312:00:00,2009,Very High,songs/Tera Hone Laga Hoon _ Atif Aslam _ Alisha Chinai _ Ajab Prem Ki Ghazab Kahani _ 2009.mp3
186,Piya o re piya,"Atif Aslam, Shreya Ghoshal",Tere Naal Love Ho Gaya,Bollywood / Romantic,Romantic; Emotional,Hindi,315:00:00,2012,Very High,"songs/Piya O Re Piya Lyrical - Tere Naal Love Ho Gaya _ Riteish Deshmukh, Genelia _ Atif Aslam, Shreya.mp3"
187,Khuda jaane,"KK, Shilpa Rao",Bachna Ae Haseeno,Bollywood / Romantic,Dreamy; Romantic,Hindi,330:00:00,2008,Very High,"songs/Khuda Jaane _ Full Song _ Bachna Ae Haseeno _ Ranbir Kapoor, Deepika _ Vishal & Shekhar, KK, Shilpa.mp3"
188,Aao milo chale,"Shaan, Shreya Ghoshal",Life In A... Metro,Bollywood / Pop Rock,Soothing; Melodic,Hindi,325:00:00,2007,High,"songs/Full Video_Aao Milo Chalen_Jab We Met_Shahid Kapoor, Kareena Kapoor_Pritam, Shaan, Ustad Sultan Khan.mp3"
189,Raanjhana,"A.R. Rahman, Jaswinder Singh, Shiraz Uppal",Raanjhanaa,Bollywood / Folk Pop,Passionate; Energetic,Hindi,360:00:00,2013,Very High,"songs/Full Video_ Raanjhan _ Do Patti _ Kriti Sanon, Shaheer Sheikh _ Parampara Tandon _ Sachet-Parampara.mp3"
190,Bahara,"Shreya Ghoshal, Sona Mohapatra",I Hate Luv Storys,Bollywood / Romantic,Soft; Romantic,Hindi,280:00:00,2010,High,"songs/Bahara Full Video - I Hate Luv Storys _ Sonam Kapoor, Imran _ Shreya Ghoshal, Sona Mohapatra.mp3"
191,Tainu leke,Sonu Nigam,Salaam-E-Ishq,Bollywood / Romantic,Romantic; Peppy,Hindi,260:00:00,2007,High,"songs/Tenu Leke (Full Song) _ Salaam-E-Ishq _ Salman Khan, Rimi Sen, Priyanka Chopra.mp3"
192,Koi mil gaya,"Udit Narayan, Alka Yagnik",Koi... Mil Gaya,Bollywood / Romantic,Dreamy; Emotional,Hindi,360:00:00,2003,Very High,"songs/Koi Mil Gaya - Full Video_Kuch Kuch Hota Hai _Shah Rukh Khan,Kajol,Rani Mukerji.mp3"
193,Mere yaara,"Arijit Singh, Neeti Mohan",Kesari,Bollywood / Romantic,Romantic; Emotional,Hindi,275:00:00,2019,Very High,"songs/Sooryavanshi_ Mere Yaaraa Song _ Akshay Kumar, Katrina Kaif, Rohit Shetty, Arijit S Neeti _ JAM8 KAG.mp3"
194,Itni si baat hai,"Arijit Singh, Antara Mitra",Azhar,Bollywood / Romantic,Romantic; Soft,Hindi,295:00:00,2016,High,"songs/Itni Si Baat Hain Full Video Song _ AZHAR _ Emraan Hashmi, Prachi Desai _ Arijit Singh, Pritam.mp3"
195,Sab tera,"Armaan Malik, Shraddha Kapoor",Baaghi,Bollywood / Romantic,Romantic; Emotional,Hindi,260:00:00,2016,Very High,"songs/SAB TERA Video Song _ BAAGHI _ Tiger Shroff, Shraddha Kapoor _ Armaan Malik _ Amaal Mallik _T-Series.mp3"
196,Dhoka dhadi,"Arijit Singh, Palak Muchhal",R... Rajkumar,Bollywood / Pop,Romantic; Emotional,Hindi,310:00:00,2013,High,songs/Dhokha Dhadi (Official Video Song) _ R Rajkumar _ Shahid Kapoor & Sonakshi Sinha _ Pritam.mp3
197,Yeh aaina,Shreya Ghoshal,Kalank,Bollywood / Romantic,Emotional; Melodic,Hindi,310:00:00,2019,High,"songs/FULL SONG_ Yeh Aaina _ Kabir Singh _ Shahid Kapoor, Kiara Advani Nikita D_ Amaal Mallik Feat.Shreya.mp3"
198,Te amo,"Ash King, Sunidhi Chauhan",Dum Maaro Dum,Bollywood / Pop,Stylish; Romantic,Hindi,265:00:00,2011,High,songs/Te Amo (Lyrics) _ Dum Maaro Dum _ Sunidhi Chauhan & Ash King _ AKD GALAXY.mp3
199,Khairiyat,Arijit Singh,Chhichhore,Bollywood / Romantic,Emotional; Nostalgic,Hindi,285:00:00,2019,Very High,"songs/Full Song_ KHAIRIYAT (BONUS TRACK) _ CHHICHHORE _ Sushant, Shraddha _ Pritam, Amitabh B_Arijit Singh.mp3"
200,Agar tum sath ho,"Alka Yagnik, Arijit Singh",Tamasha,Bollywood / Romantic,Soulful; Emotional,Hindi,340:00:00,2015,Very High,"songs/Agar Tum Saath Ho FULL AUDIO Song _ Tamasha _ Ranbir Kapoor, Deepika Padukone _ T-Series.mp3"
201,Humraah,Arijit Singh,Malang,Bollywood / Romantic,Romantic; Emotional,Hindi,260:00:00,2020,High,"songs/Humraah Full Song _ Malang _ Aditya R K, Disha P Anil K Kunal K _ Sachet T _ Mohit S _ Fusion P.mp3"
202,Show me the thumka,"Sunidhi Chauhan, Shashwat Singh",Tu Jhoothi Main Makkaar,Bollywood / Dance,Fun; Party,Hindi,250:00:00,2023,High,"songs/Show Me The Thumka (Song) Tu Jhoothi Main Makkaar _Ranbir,Shraddha_Pritam_Sunidhi,Shashwat_Amitabh B.mp3"
203,Tere pyaar mai,"Arijit Singh, Nikhita Gandhi",Tu Jhoothi Main Makkaar,Bollywood / Romantic,Playful; Romantic,Hindi,260:00:00,2023,High,"songs/Tere Pyaar Mein (Full Video) Tu Jhoothi Main Makkaar_ Ranbir,Shraddha_ Pritam_Arijit,Nikhita,Amitabh.mp3"
204,Pyar hota kai baar hai,"Arijit Singh, Charu Mishra",Tu Jhoothi Main Makkaar,Bollywood / Romantic,Melodic; Emotional,Hindi,270:00:00,2023,High,"songs/Pyaar Hota Kayi Baar Hai (Full video) Tu Jhoothi Main Makkaar _Ranbir,Shraddha,Pritam,Arijit,Amitabh.mp3"
205,Jug jug jeeve,"Shilpa Rao, Arijit Singh",Tu Jhoothi Main Makkaar,Bollywood / Romantic,Romantic; Dreamy,Hindi,245:00:00,2023,Medium,"songs/Jug Jug Jeeve (Full Video) _ Shiddat _ Diana P, Mohit R _ Sachet T Parampara T_ Sachin - Jigar.mp3"
206,Jhoome jo pathan,"Arijit Singh, Sukriti Kakar",Pathaan,Bollywood / Dance,Energetic; Party,Hindi,225:00:00,2023,Very High,"songs/Jhoome Jo Pathaan Song _ Shah Rukh Khan, Deepika _ Vishal & Sheykhar, Arijit Singh, Sukriti, Kumaar.mp3"
207,Illahi,Mohit Chauhan,Yeh Jawaani Hai Deewani,Bollywood / Travel Pop,Carefree; Happy,Hindi,310:00:00,2013,Very High,"songs/Ilahi Full Video Song _ Yeh Jawaani Hai Deewani _ Ranbir Kapoor, Deepika Padukone _ Pritam.mp3"
208,Tum tak,"Javed Ali, Keerthi Sagathia",Raanjhanaa,Bollywood / Romantic,Soulful; Devotional Love,Hindi,335:00:00,2013,High,songs/A.R. Rahman - Tum Tak (Lyric Video) _ Raanjhanaa _ A. R. Rahman _ Dhanush _ Sonam Kapoor _ Javed Ali.mp3
209,Ishqzaade,"Javed Ali, Shreya Ghoshal",Ishaqzaade,Bollywood / Romantic,Intense; Passionate,Hindi,310:00:00,2012,Very High,songs/Ishaqzaade - Full Title Song _ Arjun Kapoor _ Parineeti Chopra _ Javed Ali.mp3
210,Mileya mileya,"Rekha Bhardwaj, Javed Bashir",Happy Ending,Bollywood / Pop,Romantic; Soft,Hindi,255:00:00,2014,Medium,songs/Mileya Mileya _ Full Audio Song _ Happy Ending _ Saif Ali Khan & Ileana D Cruz.mp3
211,Tu hi yaar mera,"Arijit Singh, Neha Kakkar",Pati Patni Aur Woh,Bollywood / Romantic,Romantic; Emotional,Hindi,280:00:00,2019,High,"songs/Full Video_Tu Hi Yaar Mera _ Pati Patni Aur Woh _ Kartik A,Bhumi P,Ananya P_ Rochak,Arijit S,Neha K.mp3"
212,Besabriyaan,Armaan Malik,M.S. Dhoni: The Untold Story,Bollywood / Inspirational Pop,Motivational; Emotional,Hindi,290:00:00,2016,Very High,songs/BESABRIYAAN Full Video Song _ M. S. DHONI - THE UNTOLD STORY _ Sushant Singh Rajput.mp3
213,Leja re,Dhvani Bhanushali,Single,Indie Pop,Romantic; Fresh,Hindi,200:00:00,2018,Very High,songs/Leja Re _ Dhvani Bhanushali _ Tanishk Bagchi _ Rashmi Virag _Radhika Rao_ Vinay Sapru _ Siddharth.mp3
214,Yaad piya ki aane lagi,Neha Kakkar,Single,Indie Pop,Nostalgic; Romantic,Hindi,245:00:00,2019,Very High,"songs/Yaad Piya Ki Aane Lagi _ Divya Khosla Kumar _Neha K,Tanishk B,Jaani, Faisu, Radhika&Vinay _Bhushan K.mp3"
215,Sawaar loon,Monali Thakur,Lootera,Bollywood / Romantic,Soft; Emotional,Hindi,285:00:00,2013,High,"songs/Sawaar Loon Lootera Song With Lyrics _ Ranveer Singh, Sonakshi Sinha.mp3"
216,Yaara teri yari,"Darshan Raval, Sachet Tandon",Yaara Teri Yaari,Bollywood / Friendship,Emotional; Nostalgic,Hindi,240:00:00,2019,High,songs/Tere Jaisa Yaar Kahan (Lyrical Video) _ Kishore Kumar _ Yaarana _ Revibe _ Hindi Songs.mp3
217,Main tera bf,"Arijit Singh, Neha Kakkar",Raabta (Agent Vinod),Bollywood / Pop,Playful; Romantic,Hindi,220:00:00,2017,High,songs/Main Tera Boyfriend Song _ Raabta _ Arijit S _ Neha K Meet Bros _ Sushant Singh Rajput Kriti Sanon.mp3
218,Aashiyana,Shreya Ghoshal,Aladin,Bollywood / Romantic,Magical; Dreamy,Hindi,260:00:00,2009,Medium,songs/Aashiyan - Barfi _ Ranbir Kapoor _ Priyanka Chopra _ Pritam _ Shreya Ghoshal _ Nikhil Paul George.mp3
219,Barbaadiya,Arijit Singh,Tu Jhoothi Main Makkaar,Bollywood / Pop,Energetic; Dance,Hindi,255:00:00,2023,High,"songs/Barbaadiyan (Full Video)_ Shiddat _Sunny K,Radhika M _Sachet T,Nikhita G, Madhubanti B_Sachin -Jigar.mp3"
220,Khamoshiyan,Arijit Singh,Khamoshiyan,Bollywood / Romantic,Dark; Soulful,Hindi,330:00:00,2015,Very High,"songs/Khamoshiyan Full Video, Arijit Singh - Ali Fazal, Sapna Pabbi, Gurmeet C.mp3"
221,Enna sona,Arijit Singh,Ok Jaanu,Bollywood / Romantic,Romantic; Soulful,Hindi,210:00:00,2017,Very High,songs/Enna Sona (Official Video) _ OK Jaanu _ Arijit Singh _ Shraddha Kapoor _ Aditya Roy Kapoor.mp3
222,I m in love,"Pritam, KK",Once Upon A Time In Mumbaai,Bollywood / Romantic,Romantic; Emotional,Hindi,265:00:00,2010,High,"songs/I Am In Love Lyrical Video _ Once Upon A Time In Mumbai _ Pritam _ Emraan Hashmi, Prachi Desai.mp3"
223,Pehli nazar mai,Atif Aslam,Race,Bollywood / Romantic,Soulful; Emotional,Hindi,315:00:00,2008,Very High,"songs/Pehli Nazar Mein Kaise Jaado Kar Diya _ Atif Aslam Hits _ Race I Akshaye, Bipasha & Saif Ali.mp3"
224,Pehli dafa,Atif Aslam,Single,Indie Pop,Romantic; Heartfelt,Hindi,280:00:00,2017,High,songs/Atif Aslam_ Pehli Dafa Song (Video) _ Ileana D’Cruz _ Latest Hindi Song 2017 _ T-Series.mp3
225,Malang,"Arijit Singh, Ved Sharma",Malang,Bollywood / Pop,Energetic; Party,Hindi,250:00:00,2020,Very High,"songs/Full Video_ Malang (Title Track)_ Aditya Roy Kapur, Disha Patani, Anil K, Kunal K _ Ved S _ Mohit S.mp3"
226,Humsafar,"Akhil Sachdeva, Mansheel Gujral",Badrinath Ki Dulhania,Bollywood / Romantic,Soulful; Romantic,Hindi,260:00:00,2017,High,songs/Humsafar (Full Video)  _ Varun & Alia Bhatt _ Akhil Sachdeva _  Badrinath Ki Dulhania .mp3
227,Hoosana,Armaan Malik,Ek Deewana Tha,Bollywood / Romantic,Emotional; Melodic,Hindi,300:00:00,2012,Medium,songs/A.R. Rahman - Hosanna Best Video_Ekk Deewana Tha_Amy Jackson_Prateik Babar_Leon_Suzanne.mp3
228,Tum mile,"KK, Pritam",Tum Mile,Bollywood / Romantic,Soulful; Emotional,Hindi,340:00:00,2009,Very High,"songs/Tum Mile - Title Track _ Emraan Hashmi, Soha Ali _ Pritam _ Neeraj Shridhar _ Kumaar.mp3"
229,Love me thoda aur,Arijit Singh,Half Girlfriend,Bollywood / Romantic,Romantic; Soft,Hindi,265:00:00,2017,High,"songs/Yaariyan Love Me Thoda Aur (Full Video) _Arijit Singh _Himansh K, Rakul P_Pritam _Divya Khosla Kumar.mp3"
230,Locha e ulfat,Benny Dayal,2 States,Bollywood / Pop,Peppy; Fun,Hindi,240:00:00,2014,High,"songs/Locha E Ulfat FULL Video Song _ 2 States _ Arjun Kapoor, Alia Bhatt.mp3"
231,The humma song,"Badshah, Jubin Nautiyal, Shashaa Tirupati",Ok Jaanu,Bollywood / Pop,Remix; Dance,Hindi,230:00:00,2017,High,"songs/The Humma Song – OK Jaanu _ Shraddha Kapoor _ Aditya Roy Kapur _ @ARRahman, Badshah, Tanishk.mp3"
232,Tu jaane na,Atif Aslam,Ajab Prem Ki Ghazab Kahani,Bollywood / Romantic,Soulful; Emotional,Hindi,310:00:00,2009,Very High,"songs/Tu Jaane Na Full Video - Ajab Prem Ki Ghazab Kahani _ Ranbir Kapoor, Katrina _ Atif Aslam _ Pritam.mp3"
233,Teri ore,"Rahat Fateh Ali Khan, Shreya Ghoshal",Singh Is Kinng,Bollywood / Romantic,Romantic; Soulful,Hindi,300:00:00,2008,Very High,songs/Teri Ore _ Full Audio _Singh Is Kinng _Akshay K_Katrina K_Pritam_Rahat Fateh Ali Khan_Shreya Ghoshal.mp3
234,Ishq sufiyana,Kamal Khan,The Dirty Picture,Bollywood / Sufi,Soulful; Devotional Love,Hindi,280:00:00,2011,High,"songs/Ishq Sufiyana Lyrical _ The Dirty Picture _ Emraan Hashmi,Vidya Balan _ Vishal - Shekhar.mp3"
235,Pee loon,Mohtit Chauhan,Once Upon A Time In Mumbaai,Bollywood / Romantic,Romantic; Emotional,Hindi,300:00:00,2010,High,"songs/Pee Loon  Lyrical Song _ Once Upon A Time in Mumbai _ Pritam _ Emraan Hashmi, Prachi Desai.mp3"
236,Pipni,"Neha Kakkar, Tony Kakkar",Single,Indie Pop,Fun; Dance,Hindi,195:00:00,2018,High,songs/Pipni.mp3
237,Aise kyun,Osho Jain,Single,Indie Pop,Melodic; Chill,Hindi,240:00:00,2021,Medium,"songs/Aise Kyun Official Lyric Video _ Rekha Bhardwaj, Anurag Saikia, Raj Shekhar _ Mismatched Season 2.mp3"
238,Tum jo aaye,"Rahat Fateh Ali Khan, Tulsi Kumar",Once Upon A Time In Mumbaai,Bollywood / Romantic,Soulful; Emotional,Hindi,330:00:00,2010,Very High,"songs/Lyrical_Tum Jo Aaye _Once Upon A Time In Mumbai_ Ajay Devgn,Rahat Fateh Ali Khan,Tulsi Kumar, Pritam.mp3"
239,Laal ishq,Arijit Singh,Goliyon Ki Raasleela Ram-Leela,Bollywood / Romantic,Intense; Soulful,Hindi,370:00:00,2013,Very High,songs/LAAL ISHQ - Full Audio Song _ Deepika Padukone & Ranveer Singh _ Goliyon Ki Raasleela Ram-leela.mp3
240,Aayat,Arijit Singh,Bajirao Mastani,Bollywood / Romantic,Soulful; Devotional Love,Hindi,360:00:00,2015,Very High,songs/Lyrical_ Aayat _ Full Song with Lyrics _ Bajirao Mastani.mp3
241,Ek dil ek jaan,Shivam Pathak,Padmaavat,Bollywood / Romantic,Emotional; Soulful,Hindi,350:00:00,2018,Very High,songs/Padmaavat_ Ek Dil Ek Jaan Video Song _ Deepika Padukone _ Shahid Kapoor _ Sanjay Leela Bhansali.mp3
242,Ek ladki ko dekha to aisa laga,"Rochak Kohli, Darshan Raval",Ek Ladki Ko Dekha Toh Aisa Laga,Bollywood / Romantic,Dreamy; Emotional,Hindi,280:00:00,2019,High,songs/Ek Ladki Ko Dekha Toh Aisa Laga _ Title Song _ Anil _ Sonam _ Rajkummar Rao _ Juhi _ Darshan _Rochak.mp3
243,Humko pyaar hua,"K.K., Tulsi Kumar",Ready,Bollywood / Romantic,Light; Romantic,Hindi,300:00:00,2011,Medium,"songs/Humko Pyaar Hua Lyrical Video _ Ready Ft. Salman, Asin _ Tulsi Kumar, KK _ Pritam.mp3"
244,Hum nashe mai to nahi,"Arijit Singh, Tulsi Kumar",Bhool Bhulaiyaa 2,Bollywood / Romantic,Emotional; Soft,Hindi,255:00:00,2022,High,songs/Full Video_Hum Nashe Mein Toh Nahin _Bhool Bhulaiyaa 2_ Kartik Kiara _ Pritam Amitabh B Arijit Tulsi.mp3
245,Desi girl,"Shankar Mahadevan, Vishal Dadlani, Sunidhi Chauhan",Dostana,Bollywood / Dance,Party; Energetic,Hindi,300:00:00,2008,Very High,"songs/Desi Girl Full Video - Dostana _John, Abhishek, Priyanka _ Sunidhi Chauhan, Vishal Dadlani.mp3"
246,Daryaa,"Arijit Singh, Ammy Virk",Manmarziyaan,Bollywood / Pop,Emotional; Nostalgic,Hindi,270:00:00,2018,High,"songs/Daryaa _ Full Video Song _ Manmarziyaan  _ Amit Trivedi, Shellee _ Vicky Kaushal, Taapsee Pannu.mp3"
247,English vinglish,Amit Trivedi,English Vinglish,Bollywood / Inspirational,Melodic; Emotional,Hindi,240:00:00,2012,Medium,songs/English Vinglish (Full Female Version) _ Sridevi _ Sridevi Best Song.mp3
248,Navrai maajhi,"Sunidhi Chauhan, Swanand Kirkire",English Vinglish,Bollywood / Festive,Fun; Wedding Vibes,Hindi,225:00:00,2012,Medium,songs/Navrai Majhi _ Full Video Song _ English Vinglish _ Sridevi Best Song.mp3
249,London thumakda,"Neha Kakkar, Labh Janjua, Sonu Kakkar",Queen,Bollywood / Wedding Pop,Festive; Dance,Hindi,260:00:00,2014,Very High,"songs/Queen_ London Thumakda Full Video Song _ Kangana Ranaut, Raj Kumar Rao.mp3"
250,Raat bhar,"Arijit Singh, Shalmali Kholgade",Heropanti,Bollywood / Dance Pop,Party; Energetic,Hindi,250:00:00,2014,High,"songs/Heropanti _ Raat Bhar Full Song with Lyrics _ Tiger Shroff _ Arijit Singh, Shreya Ghoshal.mp3"
251,Shiddat,Arijit Singh,Shiddat,Bollywood / Romantic,Soulful; Emotional,Hindi,285:00:00,2021,High,"songs/Shiddat Title Track (Full Video) _Sunny Kaushal,Radhika Madan, Mohit Raina, Diana P _ Manan Bhardwaj.mp3"
252,Rang jo lagyo,"Atif Aslam, Shreya Ghoshal",Bajrangi Bhaijaan,Bollywood / Romantic,Romantic; Emotional,Hindi,270:00:00,2015,High,"songs/Rang Jo Lagyo Lyrical _ Ramaiya Vastavaiya _ Girish Kumar, Shruti Haasan _Atif Aslam, Shreya Ghoshal.mp3"
253,Rang lageya,"Guru Randhawa, Nikhita Gandhi",Single,Indie Pop,Romantic; Soft,Hindi,230:00:00,2021,High,songs/Rang Lageya - Official Video _ Paras Chhabra _ Mahira Sharma _ Mohit Chauhan _ Rochak Kohli _ Kumaar.mp3
254,Fir aur kya chahiye,Arijit Singh,Zara Hatke Zara Bachke,Bollywood / Romantic,Romantic; Melodic,Hindi,270:00:00,2023,Very High,"songs/Phir Aur Kya Chahiye Full Video _ Vicky, Sara, Arijit, Sachin-Jigar,Amitabh _ Zara Hatke Zara Bachke.mp3"
255,Maahi ve,"Sonu Nigam, Shankar-Ehsaan-Loy",Kal Ho Naa Ho,Bollywood / Romantic,Festive; Emotional,Hindi,360:00:00,2003,High,"songs/A.R Rahman Maahi Ve Full Song (Audio) Highway _ Alia Bhatt, Randeep Hooda _ Imtiaz Ali.mp3"
256,Zara zara,Bombay Jayshree,Rehnaa Hai Terre Dil Mein,Bollywood / Romantic,Soulful; Sensual,Hindi,325:00:00,2001,Very High,songs/Zara Zara Bahekta Hai _ JalRaj _ RHTDM _ Male Version _ Latest Hindi Cover 2020.mp3
257,Bheegi si bhaagi si,"Shreya Ghoshal, Arijit Singh",Badlapur,Bollywood / Romantic,Soulful; Emotional,Hindi,280:00:00,2015,High,"songs/Bheegi Si Bhaagi Si Full Video - Raajneeti_Ranbir,Katrina_Mohit Chauhan, Antara M_Pritam.mp3"
258,Judaai,"Arijit Singh, Mithoon",Aashiqui 2,Bollywood / Romantic,Soulful; Emotional,Hindi,370:00:00,2013,Very High,"songs/Judaai (Audio Song) _ Badlapur _ Varun Dhawan, Yami Gautam & Nawazuddin Siddiqui.mp3"
259,Tum hi ho,Arijit Singh,Aashiqui 2,Bollywood / Romantic,Soulful; Heartfelt,Hindi,390:00:00,2013,Very High,"songs/Tum Hi Ho  Aashiqui 2 Full Song With Lyrics _ Aditya Roy Kapur, Shraddha Kapoor.mp3"
260,O bedardeya,"Arijit Singh, Sachin-Jigar",Tu Jhoothi Main Makkaar,Bollywood / Romantic,Emotional; Soulful,Hindi,285:00:00,2023,Very High,"songs/O Bedardeya (Film Version) Tu Jhoothi Main Makkaar _ Ranbir, Shraddha _ Pritam, Arijit S, Amitabh B.mp3"
261,Tere bin,Rahat Fateh Ali Khan,Bas Ek Pal (Single),Indie Pop / Romantic,Soulful; Emotional,Hindi,310:00:00,2017,Very High,"songs/SIMMBA_ Tere Bin _ Ranveer Singh, Sara Ali Khan _ Tanishk Bagchi, Rahat Fateh Ali Khan, Asees Kaur.mp3"
262,Hawayein,Arijit Singh,Jab Harry Met Sejal,Bollywood / Romantic,Soulful; Emotional,Hindi,290:00:00,2017,Very High,"songs/Hawayein Lyrical Video - Jab Harry Met Sejal _ Shah Rukh Khan, Anushka _ Arijit Singh _ Pritam.mp3"
263,Hawa hawa,"Mika Singh, Prakriti Kakar",Mubarakan,Bollywood / Dance,Energetic; Party,Hindi,230:00:00,2017,High,songs/Hawa Hawa Full Song _ Hassan Jahangir _  90 s Songs _ Ishtar Music.mp3
264,O saathi,Atif Aslam,Baaghi 2,Bollywood / Romantic,Soulful; Emotional,Hindi,260:00:00,2018,Very High,songs/O Saathi Lyrical Video _ Baaghi 2 _ Tiger Shroff _ Disha Patani _ Arko _ Ahmed Khan Sajid Nadiadwala.mp3
265,Tere vaste,"Arijit Singh, Shilpa Rao",Zara Hatke Zara Bachke,Bollywood / Romantic,Romantic; Fresh,Hindi,240:00:00,2023,Very High,"songs/Tere Vaaste _ Zara Hatke Zara Bachke _ Vicky Kaushal, Sara Ali Khan, Varun J, Sachin-Jigar,Amitabh B.mp3"
266,Tera fitoor,Arijit Singh,Kaabil,Bollywood / Romantic,Soulful; Romantic,Hindi,310:00:00,2017,High,songs/Tera Fitoor _ Arijit Singh _ Himesh Reshammiya _ Genius (2018).mp3
267,Dil meri na sune,Atif Aslam,Genius,Bollywood / Romantic,Romantic; Emotional,Hindi,320:00:00,2018,Medium,"songs/Dil Meri Na Sune Lyrical - Genius _ Utkarsh Sharma, Ishita _ Atif Aslam _ Himesh Reshammiya.mp3"
268,Yeh tune kya kiya,"Javed Bashir, Pritam",Once Upon A Time In Mumbaai Dobara,Bollywood / Sufi,Soulful; Devotional,Hindi,360:00:00,2013,High,"songs/Ye Tune Kya Kiya Song Once Upon A Time In Mumbaai Dobara _ Pritam _ Akshay Kumar, Sonakshi Sinha.mp3"
269,Mere liye tum kaafi ho,Ayushmann Khurrana,Shubh Mangal Zyada Saavdhan,Bollywood / Pop,Quirky; Romantic,Hindi,270:00:00,2020,Medium,"songs/Mere Liye Tum Kaafi Ho Song _ Shubh Mangal Zyada Saavdhan _ Ayushman Khurana,Jeetu _ Tanishk - Vayu.mp3"
270,Maim tumhara,"A.R. Rahman, Jonita Gandhi",Dil Bechara,Bollywood / Romantic,Emotional; Soulful,Hindi,280:00:00,2020,Very High,"songs/Main Tumhara – Dil Bechara _ Official Video _ Sushant, Sanjana _ A.R. Rahman _ Jonita Gandhi, Hriday.mp3"
271,Dil bechara,"A.R. Rahman, Mohit Chauhan",Dil Bechara,Bollywood / Romantic,Soulful; Emotional,Hindi,310:00:00,2020,High,songs/Dil Bechara – Title Track _ Sushant Singh Rajput _ Sanjana Sanghi _ A.R. Rahman _Mukesh C _Amitabh B.mp3
272,Tera yaar hoon mai,"Arijit Singh, Rochak Kohli",Sonu Ke Titu Ki Sweety,Bollywood / Friendship,Soulful; Emotional,Hindi,300:00:00,2018,Very High,songs/Full Video_ Tera Yaar Hoon Main _ Sonu Ke Titu Ki Sweety _ Arijit Singh Rochak Kohli _ Song 2018.mp3
273,Tera rasta mai chodoon na,Arijit Singh,Chhichhore,Bollywood / Friendship,Emotional; Supportive,Hindi,295:00:00,2019,High,"songs/Tera Rastaa Chennai Express Full Video Song HD _ Shahrukh Khan, Deepika Padukone.mp3"
274,Afeemi,"Amit Trivedi, Neeti Mohan",Meri Pyaari Bindu,Bollywood / Pop,Romantic; Dreamy,Hindi,245:00:00,2017,Medium,"songs/Afeemi _ Full Song _ Meri Pyaari Bindu _ Ayushmann, Parineeti _ Sanah _ Sachin-Jigar _ Kausar Munir.mp3"
275,Jaise mera tu,"Arijit Singh, Priya Saraiya",Happy Ending,Bollywood / Pop,Romantic; Soft,Hindi,235:00:00,2014,Medium,songs/Jaise Mera Tu (Full Video Song) _ Happy Ending _ Saif Ali Khan & Ileana D Cruz.mp3
276,Abhi kuch dino se,"Shreya Ghoshal, Mohit Chauhan",Ishqiya,Bollywood / Romantic,Romantic; Nostalgic,Hindi,300:00:00,2010,High,"songs/Abhi Kuch Dino Se Lyrical Video _ Dil Toh Baccha Hai Ji _  Emraan hashmi, Ajay Devgn.mp3"
277,Tu aake dekhle,King,Tu Aake Dekhle (Single),Indie Pop / Hip-Hop,Romantic; Stylish,Hindi,195:00:00,2020,Very High,songs/King - Tu Aake Dekhle _ The Carnival _ The Last Ride _ Prod. by Shahbeatz _ Latest Hit Songs 2020.mp3
278,Jab koi baar,"Pritam, Arijit Singh",Love Aaj Kal,Bollywood / Romantic,Soulful; Emotional,Hindi,260:00:00,2009,High,"songs/Jab Koi Baat - Jurm _ Vinod Khanna & Meenakshi _ Kumar Sanu, Sadhna Sargam.mp3"
279,Tu chahiye,"Atif Aslam, Pritam",Phantom,Bollywood / Romantic,Soulful; Emotional,Hindi,310:00:00,2015,High,"songs/Tu Chahiye  FULL VIDEO Song - Atif Aslam Pritam _ Bajrangi Bhaijaan _ Salman Khan, Kareena Kapoor.mp3"
280,Har Har Gange,Shankar Mahadevan,Bhaag Milkha Bhaag,Devotional,Spiritual; Uplifting,Hindi,270:00:00,2013,Very High,"songs/Har Har Gange  Full Song _ Batti Gul Meter Chalu _ Arijit Singh _ Shahid Kapoor, Shraddha Kapoor.mp3"
281,Ram Ayenge,Hansraj Raghuwanshi,Single,Devotional,Spiritual; Uplifting,Hindi,320:00:00,2023,Very High,"songs/Ram Aayenge (Lyrical) Vishal Mishra,Payal Dev _ Manoj Muntashir _ Dipika,Sameer _ Kashan _ Bhushan K.mp3"
282,Ekadantaya Vakratundaya,"Shankar Mahadevan, Ajay-Atul",Ganesh Vandana,Devotional,Spiritual; Uplifting,Hindi,240:00:00,2019,Very High,songs/Ekadantaya Vakratundaya Song _ Shankar Mahadevan _ ???? ????? ????? Ganpati Aarti 2025 _ Ganesh Song.mp3
283,Tum Prem Ho,"Shankar Mahadevan, Ajay-Atul",Radha Krishna,Devotional,Romantic; Spiritual,Hindi,270:00:00,2023,High,songs/Tum Prem Ho - Reprise _ Lyrical Video _ RadhaKrishn _ MOhit Lalwani _ Bharat Kamal.mp3
284,Shree Krishna Govind Hare Murari,Traditional,Traditional Bhajan,Devotional,Peaceful; Spiritual,Hindi,300:00:00,1996,Very High,"songs/Jubin Nautiyal_ Shri Krishna Govind Hare Murari _ Raaj Aashoo, Murali A _ Bhushan Kumar _ T-Series.mp3"
285,Radha Rani Lage,Traditional,Traditional Bhajan,Devotional,Romantic; Spiritual,Hindi,270:00:00,2023,High,songs/RADHA RANI LAGE __ SIMPAL KHAREL NEW SONG _ RADHA KRISHNA BHAJAN 2023 _ BHAKTI SONG.mp3
286,O Kanha Ab To Murli,Traditional,Traditional Bhajan,Devotional,Romantic; Spiritual,Hindi,270:00:00,2000,High,songs/O Kanha Ab To Murli Ki Full Song - Krishna Bhajan _ Bhakti Song _ Bhajan Song _ ? ?????? ?? ?? ?????.mp3
287,Govind Bolo,Traditional,Traditional Bhajan,Devotional,Uplifting; Spiritual,Hindi,240:00:00,1970,High,"songs/Govind Bolo _ Hai Junoon! _ Neil Nitin Mukesh, Siddharth Nigam, Abhay Jodhpurkar, Rajdeep G, Ankit S.mp3"
288,Raghupati Raghav Raja Ram,Traditional,Traditional Bhajan,Devotional,Uplifting; Spiritual,Hindi,240:00:00,1980,Very High,"songs/Raghupati Raghav Krrish 3  Full Video Song _ Hrithik Roshan, Priyanka Chopra.mp3"
289,Hare Krishna Hare Rama,Traditional,Traditional Bhajan,Devotional,Uplifting; Spiritual,Hindi,240:00:00,1971,Very High,"songs/Hare Krishna, Hare Rama.mp3"
290,Shiv Sama Rahe,Traditional,Traditional Bhajan,Devotional,Peaceful; Spiritual,Hindi,240:00:00,2004,High,songs/Shiv sama rahe official video_ ??? ??? ??? _ Hansraj Raghuwanshi _ Ricky T giftrulers _ One man army.mp3
291,Shiv Shiv Sankara,Traditional,Traditional Bhajan,Devotional,Peaceful; Spiritual,Hindi,240:00:00,2010,High,songs/Shiv Shiv Shankara official video __ Hansraj Raghuwanshi __ Mista Baaz __ Jamie __.mp3
292,Damru Bajaya,Traditional,Traditional Bhajan,Devotional,Uplifting; Spiritual,Hindi,240:00:00,2020,High,songs/Shivratri Special 2020 __ Damru Bajaya __ Hansraj Raghuwanshi __ Official Music Video.mp3
293,Mera Bhola Hai Bhandari,Traditional,Traditional Bhajan,Devotional,Uplifting; Spiritual,Hindi,240:00:00,2022,High,songs/Mera Bhola Hai Bhandari _ Hansraj Raghuwanshi _ Suresh Verma _ Offical Video _ Paramjeet Pammi _iSur.mp3
294,Rajdulari,Traditional,Traditional Bhajan,Devotional,Peaceful; Spiritual,Hindi,240:00:00,2008,High,songs/Rajdulaari Official Video __ Hansraj Raghuwanshi __ Ricky T Giftrullers __ Baba ji __One Man Army__.mp3
295,Bajrang Baan,Traditional,Traditional Bhajan,Devotional,Uplifting; Spiritual,Hindi,240:00:00,1992,Very High,songs/Lofi Version _ Bajrang Baan (????? ???)  With Lyrics - Rasraj Ji Maharaj  @lofibhajans.mp3
296,Parvati Boli Shankar Se,Traditional,Traditional Bhajan,Devotional,Peaceful; Spiritual,Hindi,270:00:00,2022,High,songs/Parvati Boli Shankar Se - O Bholenath Ji _ Hansraj Raghuwanshi _ Full Song _ Bhole Baba Song.mp3
297,Bholenath Se Pyar,Hansraj Raghuwanshi,Single,Devotional,Romantic; Spiritual,Hindi,300:00:00,2022,High,songs/Bholenath Se Pyar  __ Official Video 2022 __ Hansraj Raghuwanshi __ Ricky T Giftruler __.mp3
298,Shendur Laal Chadhayo,Traditional,Ganesh Aarti,Devotional,Uplifting; Spiritual,Hindi,240:00:00,2000,Very High,songs/Shendur Laal Chadhayo (Aarti) Lyrical Video _ Vaastav - The Reality _ Ravindra Sathe _Sanjay Dutt.mp3
299,Deva Shree Ganesha,Ajay-Atul,Agneepath,Devotional,Uplifting; Energetic,Hindi,357:00:00,2012,Very High,songs/Deva Shree Ganesha- Official 4K Video _ Agneepath _ Priyanka Chopra _ Hrithik Roshan _ Ganpati Song.mp3
300,Gajanana,"Sukhwinder Singh, Ajay-Atul",Bajirao Mastani,Devotional,Powerful; Spiritual,Hindi,350:00:00,2015,Very High,"songs/Gajanana (Uncut Full Song) _ Bajirao Mastani _ Sukhwinder Singh _ Ranveer Singh, Priyanka, Deepika.mp3"
301,Sadda Dil Vi Tu (Ga Ga Ga Ganpati),Hard Kaur,ABCD: Any Body Can Dance,Devotional; Fusion,Energetic; Dance,Hindi,290:00:00,2013,High,songs/Sadda Dil Vi Tu (Ga Ga Ga Ganpati) - Any Body Can Dance _ Full Video _ Ganesh Chaturthi Song _ 4K.mp3
302,Ae Dil Hai Mushkil,Arijit Singh,Ae Dil Hai Mushkil,Bollywood / Romantic,Emotional; Soulful,Hindi,270:00:00,2016,Very High,"songs/Ae Dil Hai Mushkil Title Track Full Video - Ranbir, Anushka, Aishwarya _ Arijit Singh_ Pritam.mp3"
303,Tujhe Kitna Chahne Lage Hum,Arijit Singh,Kabir Singh,Bollywood / Romantic,Emotional; Soulful,Hindi,285:00:00,2019,Very High,"songs/LYRICAL Tujhe Kitna Chahne Lage   Kabir Singh   Mithoon Feat. Arijit Singh   Shahid Kapoor, Kiara A.m4a"
304,Hamari Adhuri Kahani,Arijit Singh,Hamari Adhuri Kahani,Bollywood / Romantic,Emotional; Soulful,Hindi,390:00:00,2015,Very High,"songs/Hamari Adhuri Kahani - Lyrical Song _ Arjit Singh _ Emraan Hashmi, Vidya Balan _ Jeet Gannguli.mp3"
305,Ve Kamleya,"Arijit Singh, Shreya Ghoshal",Rocky Aur Rani Ki Prem Kahani,Bollywood / Romantic,Emotional; Soulful,Hindi,285:00:00,2023,Very High,songs/Ve Kamleya   Rocky Aur Rani Kii Prem Kahaani   Ranveer   Alia   Pritam   Amitabh   Arijit   Shreya.m4a
306,Kalank,Arijit Singh,Kalank,Bollywood / Romantic,Emotional; Soulful,Hindi,311:00:00,2019,Very High,"songs/Kalank Title Track - Lyrical   Alia Bhatt , Varun Dhawan   Arijit Singh   Pritam  Amitabh.m4a"
307,Phir Bhi Tumko Chahunga,"Arijit Singh, Shashaa Tirupati",Half Girlfriend,Bollywood / Romantic,Emotional; Soulful,Hindi,341:00:00,2017,Very High,"songs/Phir Bhi Tumko Chaahunga - Full Song _ Arijit Singh _ Arjun K & Shraddha K _ Mithoon, Manoj M.mp3"
308,Satranga,Arijit Singh,Animal,Bollywood / Romantic,Emotional; Soulful,Hindi,270:00:00,2023,Very High,"songs/ANIMAL_ SATRANGA(Song) Ranbir Kapoor,Rashmika_Sandeep V_Arijit,Shreyas P,Siddharth-Garima _Bhushan K.mp3"
309,Sajni,Arijit Singh,Laapataa Ladies,Bollywood / Romantic,Emotional; Soulful,Hindi,280:00:00,2024,High,"songs/Sajni (Song)_ Arijit Singh, Ram Sampath _ Laapataa Ladies _  Aamir Khan Productions.mp3"
310,Apna Bana Le,Arijit Singh,Bhediya,Bollywood / Romantic,Emotional; Soulful,Hindi,261:00:00,2022,Very High,"songs/Apna Bana Le - Bhediya   Varun Dhawan, Kriti Sanon  Sachin-Jigar, Arijit Singh, Amitabh Bhattacharya.m4a"
311,Tere Hawaale,"Arijit Singh, Shilpa Rao",Laal Singh Chaddha,Bollywood / Romantic,Emotional; Soulful,Hindi,345:00:00,2022,High,"songs/Tere Hawaale (Full Video) Laal Singh Chaddha _ Aamir,Kareena _ Arijit,Shilpa _ Pritam,Amitabh,Advait.mp3"
312,O Maahi,Arijit Singh,Dunki,Bollywood / Romantic,Emotional; Soulful,Hindi,250:00:00,2023,Very High,songs/Dunki_ O Maahi (Full Video) _ Shah Rukh Khan _ Taapsee Pannu _ Pritam _ Arijit Singh _ Irshad Kamil.mp3
313,Dil Jhoom,"Arijit Singh, Mithoon",Crakk,Bollywood / Romantic,Emotional; Soulful,Hindi,260:00:00,2024,High,"songs/Dil Jhoom _ Gadar 2 _ Arijit Singh _ Sunny Deol, Utkarsh Sharma, Simratt K _ Mithoon, Sayeed Quadri.mp3"
314,Deewaniyat,Arijit Singh,Showtime (Series),Bollywood / Romantic,Emotional; Soulful,Hindi,270:00:00,2024,Medium,"songs/DEEWANIYAT Title Track - Ek Deewane Ki Deewaniyat _ Harshvardhan Sonam _ Vishal ,KaushikGuddu,Kunaal.mp3"
315,Pardesiya,Arijit Singh,Pardesiya (Single),Indie Pop / Romantic,Romantic; Emotional,Hindi,260:00:00,2023,Medium,"songs/Pardesiya - Param Sundari _ Sidharth M, Janhvi K _ Sachin-Jigar, Sonu Nigam, Krishnakali, Amitabh B.mp3"
316,Heeriye,"Arijit Singh, Jasleen Royal",Heeriye (Single),Indie Pop / Romantic,Romantic; Soulful,Hindi,194:00:00,2023,Very High,songs/Heeriye (Official Video) Jasleen Royal ft Arijit Singh_ Dulquer Salmaan_ Aditya Sharma _Taani Tanvir.mp3
317,Intezaar,"Arijit Singh, Mithoon, Asees Kaur",Intezaar (Single),Indie Pop / Romantic,Emotional; Soulful,Hindi,300:00:00,2019,High,"songs/Intezaar - Mithoon Ft. Arijit Singh, Asees Kaur _ Gurmeet Choudhary, Sanaya Irani _ VYRL Originals.mp3"
318,Soch Na Sake,"Arijit Singh, Tulsi Kumar, Amaal Mallik",Airlift,Bollywood / Romantic,Romantic; Emotional,Hindi,280:00:00,2016,Very High,"songs/Soch Na Sake FULL VIDEO SONG _ AIRLIFT _ Akshay Kumar, Nimrat Kaur _ Arijit Singh, Tulsi Kumar.mp3"
319,Main Dhoondne Ko Zamaane Mein,Arijit Singh,Heartless,Bollywood / Romantic,Emotional; Soulful,Hindi,300:00:00,2014,High,"songs/Heartless_ Main Dhoondne Ko Zamaane Mein Full Song _ Arijit Singh _ Adhyayan Suman, Ariana Ayam.mp3"
320,Channa Mereya,Arijit Singh,Ae Dil Hai Mushkil,Bollywood / Romantic,Emotional; Soulful,Hindi,289:00:00,2016,Very High,songs/Channa Mereya - Lyric Video _ Ae Dil Hai Mushkil _ Karan Johar _ Ranbir _ Anushka _ Pritam _ Arijit.mp3
321,Ve Maahi,"Arijit Singh, Asees Kaur",Kesari,Bollywood / Romantic,Romantic; Soulful,Hindi,235:00:00,2019,Very High,songs/Ve Maahi  Kesari  Akshay Kumar & Parineeti Chopra  Arijit Singh & Asees Kaur  Tanishk Bagchi.mp3
322,Lo Maan Liya,Arijit Singh,Raaz Reboot,Bollywood / Romantic,Emotional; Soulful,Hindi,298:00:00,2016,High,"songs/LO MAAN LIYA Lyrical _ Raaz Reboot _ Arijit Singh _ Emraan Hashmi, Kriti Kharbanda, Gaurav Arora.mp3"
323,Pal,"Arijit Singh, Shreya Ghoshal",Jalebi,Bollywood / Romantic,Romantic; Soulful,Hindi,275:00:00,2018,Very High,songs/Pal Lyric Video - JalebiArijit SinghShreya GhoshalRhea & VarunJaved - Mohsin.mp3
324,Shayad,Arijit Singh,Love Aaj Kal,Bollywood / Romantic,Romantic; Soulful,Hindi,248:00:00,2020,Very High,songs/Shayad - Love Aaj Kal  Kartik  Sara  Arushi  Pritam  Arijit Singh.mp3
325,Pal Pal Dil Ke Paas,"Arijit Singh, Parampara Thakur",Pal Pal Dil Ke Paas,Bollywood / Romantic,Romantic; Soulful,Hindi,245:00:00,2019,High,"songs/Pal Pal Dil Ke Paas - Title  Arijit Singh  Karan Deol, Sahher  Parampara, Sachet, Rishi Rich.mp3"
326,Bolna,"Arijit Singh, Asees Kaur",Kapoor & Sons,Bollywood / Romantic,Romantic; Emotional,Hindi,210:00:00,2016,Very High,songs/Bolna Lyric Video - Kapoor & Sons  Sidharth  Alia  Fawad  Arijit  Asees  Tanishk.mp3
327,Janam Janam,"Arijit Singh, Antara Mitra",Dilwale,Bollywood / Romantic,Romantic; Soulful,Hindi,236:00:00,2015,Very High,songs/Janam Janam  Dilwale  Shah Rukh Khan  Kajol  Pritam  SRK  Kajol  Lyric Video 2015.mp3
328,jeetenge,"Arijit Singh, Jonita Gandhi",Mission Raniganj,Bollywood / Romantic,Romantic; Soulful,Hindi,270:00:00,2023,High,songs/JEETENGE - Mission Raniganj  B Praak  Akshay Kumar & Parineeti Chopra  Arko  Official Video.mp3
329,Sanam Re,Arijit Singh,Sanam Re,Bollywood / Romantic,Emotional; Soulful,Hindi,308:00:00,2016,Very High,"songs/SANAM RE Title  Song FULL VIDEO  Pulkit Samrat, Yami Gautam, Urvashi Rautela  Divya Khosla Kumar.mp3"
330,Preet Re,Arijit Singh,Preet Re (Single),Indie Pop / Romantic,Romantic; Emotional,Hindi,280:00:00,2023,Medium,"songs/Preet Re  Dhadak 2  Siddhant Chaturvedi, Triptii Dimri  Darshan R, Jonita G, Rochak K, Gurpreet S.mp3"
331,Tum Kya Mile,"Arijit Singh, Shreya Ghoshal",Rocky Aur Rani Ki Prem Kahani,Bollywood / Romantic,Romantic; Soulful,Hindi,270:00:00,2023,Very High,"songs/Tum Kya Mile-Full Video  Rocky Aur Rani Kii Prem Kahaani, Ranveer,Alia,Arijit,Shreya,Pritam,Amitabh.mp3"
332,Lambiyaan Si Judaiyaan,Arijit Singh,Raabta,Bollywood / Romantic,Emotional; Soulful,Hindi,270:00:00,2017,High,"songs/Arijit Singh _ Lambiyaan Si Judaiyaan With Lyrics _ Raabta _ Sushant Rajput, Kriti Sanon _ T-Series.mp3"
333,Lutt Putt Gaya,Arijit Singh,Dunki,Bollywood / Romantic,Romantic; Soulful,Hindi,260:00:00,2023,Very High,"songs/Lutt Putt Gaya (Full Video) Shah Rukh Khan,Taapsee,Rajkumar H,Pritam,Arijit,Swanand,IP Singh _ Dunki.mp3"
334,Chal Ghar Chalen,Arijit Singh,Malang,Bollywood / Romantic,Romantic; Soulful,Hindi,250:00:00,2020,High,"songs/LYRICAL_ Chal Ghar Chalen _ Malang _ Aditya R K, Disha P _ Mithoon ft. Arijit Singh, Sayeed Quadri.mp3"
335,Pachtaoge,Arijit Singh,Pachtaoge (Single),Indie Pop / Romantic,Emotional; Soulful,Hindi,245:00:00,2019,Very High,"songs/Arijit Singh_ Pachtaoge  Vicky Kaushal, Nora Fatehi Jaani, B Praak, Arvindr Khaira  Bhushan Kumar.mp3"
336,Zindagi Bata De,Arijit Singh,Zindagi Bata De (Single),Indie Pop / Romantic,Romantic; Emotional,Hindi,260:00:00,2023,Medium,songs/Tony Kakkar - Zindagi Bata De.mp3
337,Tu Har Lamha,Arijit Singh,Khamoshiyan,Bollywood / Romantic,Romantic; Emotional,Hindi,300:00:00,2015,High,"songs/Tu Har Lamha Full Video - KhamoshiyanArijit SinghAli Fazal, Sapna PabbiBobby-Imran.mp3"
338,Manwa Laage,"Arijit Singh, Shreya Ghoshal",Happy New Year,Bollywood / Romantic,Romantic; Soulful,Hindi,270:00:00,2014,Very High,songs/OFFICIAL_  Manwa Laage  FULL VIDEO Song _ Happy New Year _ Shah Rukh Khan _ Arijit Singh.mp3
339,Naina,"Arijit Singh, Neeti Mohan",Khoobsurat,Bollywood / Romantic,Romantic; Emotional,Hindi,255:00:00,2014,High,"songs/OFFICIAL_ 'Naina' FULL VIDEO Song  Sonam Kapoor, Fawad Khan, Sona Mohapatra  Amaal Mallik.mp3"
340,Aaj Phir,"Arijit Singh, Samira Koppikar",Hate Story 2,Bollywood / Romantic,Romantic; Sensual,Hindi,270:00:00,2014,High,songs/Aaj Phir Full Video Song  Hate Story 2  Arijit Singh  Jay Bhanushali  Surveen Chawla.mp3
341,Thodi Jagah,Arijit Singh,Marjaavaan,Bollywood / Romantic,Emotional; Soulful,Hindi,270:00:00,2019,High,"songs/Lyrical_ Thodi Jagah Video  Riteish D, Sidharth M, Tara S  Arijit Singh  Tanishk Bagchi.mp3"
342,Humdard,Arijit Singh,Ek Villain,Bollywood / Romantic,Emotional; Soulful,Hindi,260:00:00,2014,Very High,songs/Humdard Full Video Song  Ek Villain  Arijit Singh  Mithoon.mp3
343,Bekhayali,Arijit Singh (Reprise),Kabir Singh,Bollywood / Romantic,Emotional; Intense,Hindi,372:00:00,2019,Very High,"songs/Bekhayali Full Song  Kabir Singh  Shahid K,Kiara ASandeep Reddy Vanga  Sachet-Parampara  Irshad.mp3"
344,Raabta,Arijit Singh,Agent Vinod,Bollywood / Romantic,Romantic; Soulful,Hindi,240:00:00,2012,Very High,"songs/Raabta (Kehte Hain Khuda) Full Song With Lyrics  Agent Vinod  Saif Ali Khan, Kareena Kapoor,Pritam.mp3"
345,Har Kisi Ko,"Arijit Singh, Neeti Mohan",Boss,Bollywood / Romantic,Romantic; Soulful,Hindi,250:00:00,2013,High,"songs/Har Kisi Ko Nahi Milta Yahan Pyaar Zindagi Mein Boss Video Song  Akshay Kumar, Sonakshi Sinha.mp3"
346,Ae Zindagi Gale Lagale,Arijit Singh,Dear Zindagi,Bollywood / Inspirational,Soothing; Soulful,Hindi,265:00:00,2016,High,songs/Ae Zindagi Gale Laga Le Take 1 - Dear Zindagi   Alia  SRK  ILAIYARAAJA  Gulzar  Amit  Arijit.mp3
347,Aabaad Barbaad,Arijit Singh,Ludo,Bollywood / Romantic,Emotional; Soulful,Hindi,274:00:00,2020,High,"songs/LUDO_ Aabaad Barbaad (Full Video) Abhishek B, Aditya K, Rajkummar R, Sanya, Fatima  Arijit, Pritam.mp3"
348,Baaton Ko Teri,Arijit Singh,All Is Well,Bollywood / Romantic,Romantic; Soulful,Hindi,252:00:00,2015,High,"songs/'Baaton Ko Teri' FULL VIDEO Song  Arijit Singh  Abhishek Bachchan, Asin  T-Series.mp3"
349,Tera Hoke Rahoon,Arijit Singh,Behen Hogi Teri,Bollywood / Romantic,Romantic; Emotional,Hindi,260:00:00,2017,High,"songs/Tera Hoke Rahoon -Lyrical  Arijit SinghBehen Hogi Teri Rajkummar Rao, Shruti Haasan KAG forJAM8.mp3"
350,Dil Haareya,Arijit Singh,Dil Haareya (Single),Indie Pop / Romantic,Romantic; Emotional,Hindi,270:00:00,2023,Medium,songs/Dil Haareya  Arijit Singh  Tanya Maniktala  Danesh Razvi  Vivian Richard  JUNO  Dharma 2.0.mp3
351,Char kadam,Shaan & Shreya Ghoshal,PK,Filmi / Romantic,Emotional; Soulful,Hindi,260:00:00,2014,High,songs/'Chaar Kadam' FULL VIDEO Song  PK  Sushant Singh Rajput  Anushka Sharma  T-series.mp3
352,Pal pal har pal,Sonu Nigam & Shreya Ghoshal,Lage Raho Munna Bhai,Bollywood / Romantic,Emotional; Soulful,Hindi,260:00:00,2006,Very High,songs/Pal Pal Har Pal Full Video Song  Lage Raho Munnabhai.mp3
353,Moh moh ke dhaage,Monali Thakur,Dum Laga Ke Haisha,Bollywood / Romantic,Emotional; Soulful,Hindi,322:00:00,2015,Very High,"songs/Moh Moh Ke Dhaage  Lyrical Song  Dum Laga Ke Haisha  Ayushmann, Bhumi  Monali  Anu Malik, Varun.mp3"
354,Tu jo mila,Arijit Singh,Bajrangi Bhaijaan,Bollywood / Romantic,Emotional; Soulful,Hindi,271:00:00,2015,Very High,"songs/Tu Jo Mila  Full Song with LYRICS - K.K. Pritam _ Salman Khan, Harshaali _ Bajrangi Bhaijaan.mp3"
355,Mehrama,Darshan Raval & Antara Mitra,Love Aaj Kal,Bollywood / Romantic,Emotional; Soulful,Hindi,260:00:00,2020,High,songs/Mehrama - Love Aaj Kal  Kartik  Sara  Pritam  Darshan Raval  Antara.mp3
356,Roke na ruke,Arijit Singh,Badrinath Ki Dulhania,Bollywood / Romantic,Emotional; Soulful,Hindi,285:00:00,2017,Very High,"songs/Roke Na Ruke Naina Lyrical Video _ Arijit Singh _ Varun, Alia _ Amaal Mallik Badrinath Ki Dulhania .mp3"
357,Bol do na zara,Armaan Malik,Azhar,Bollywood / Romantic,Emotional; Soulful,Hindi,270:00:00,2016,Very High,"songs/BOL DO NA ZARA Full Video Song  AZHAR  Emraan Hashmi, Nargis Fakhri  Armaan Malik, Amaal Mallik.mp3"
358,Saiyara,Ali Zafar,Ek Tha Tiger,Bollywood / Romantic,Emotional; Soulful,Hindi,300:00:00,2012,High,"songs/Saiyaara Full Song  Ek Tha Tiger  Salman Khan, Katrina Kaif  Mohit Chauhan, Tarannum, Sohail Sen.mp3"
359,Mitwa,"Shankar Mahadevan, Kunal Ganjawala, Alka Yagnik",Kabhi Alvida Naa Kehna,Bollywood / Romantic,Emotional; Soulful,Hindi,300:00:00,2006,Very High,"songs/Mitwa Full Video, KANK - Shahrukh Khan,Rani MukherjeeShafqat Amanat AliShankar Mahadevan.mp3"
360,Dildara,"Shankar Mahadevan, KK, Roop Kumar Rathod",Ra.One,Bollywood / Romantic,Emotional; Soulful,Hindi,300:00:00,2011,High,"songs/Lyrical Video_ Dildara Song  Ra.One  ShahRukh Khan, Kareena Kapoor.mp3"
361,Humnawa mere,Papon,Ek Thi Daayan,Bollywood / Romantic,Emotional; Soulful,Hindi,300:00:00,2018,High,songs/Official Video_ Humnava Mere Song  Jubin Nautiyal  Manoj Muntashir  Rocky - Shiv  Bhushan Kumar.mp4
362,Nainowale ne,Neha Bhasin,Padmaavat,Bollywood / Romantic,Emotional; Soulful,Hindi,270:00:00,2018,Very High,songs/Nainowale Ne Full Video Song  Padmaavat  Deepika Padukone  Shahid Kapoor  Ranveer Singh.mp3
363,Yeh dooriyan remix,Neha Kakkar,Yeh Dooriyan,Bollywood / Romantic,Emotional; Soulful,Hindi,240:00:00,2020,High,"songs/Yeh Dooriyan - Lyrical Video  Love Aaj Kal  Kartik Aaryan, Sara Ali Khan  Pritam  Mohit Chauhan.mp3"
364,Luka chuppi,"A. R. Rahman, Lata Mangeshkar",Rang De Basanti,Bollywood / Emotional,Emotional; Soulful,Hindi,397:00:00,2006,Very High,songs/Luka Chuppi - Lyrical Song  Rang De Basanti  Aamir Khan  Lata Mangeshkar  A.R. Rahman.mp3
365,Mere bina,Nikhil D'Souza,Crook,Bollywood / Romantic,Emotional; Soulful,Hindi,289:00:00,2010,High,"songs/Mere Bina Full Video - CrookEmraan Hashmi,Neha SharmaNikhil D'SouzaPritamMukesh Bhatt.mp3"
366,Jeene laga hoon,"Atif Aslam, Shreya Ghoshal",Ramaiya Vastavaiya,Bollywood / Romantic,Emotional; Soulful,Hindi,270:00:00,2013,Very High,songs/Jeene Laga Hoon Song Video  Ramaiya Vastavaiya  Girish Kumar & Shruti Haasan  Atif & Shreya.mp3
367,Jab se tere naina,Shaan,Saawariya,Bollywood / Romantic,Emotional; Soulful,Hindi,284:00:00,2007,Very High,songs/Jab Se Tere Naina Lyrical Video - Saawariya  Ranbir Kapoor  Sonam Kapoor  Shaan.mp3
368,Chandaniya,Mithoon,Master of Melody,Indie / Romantic,Emotional; Soulful,Hindi,300:00:00,2012,High,"songs/Chandaniya Lori Lori - Official Full Song  Rowdy Rathore  Akshay Kumar, Sonakshi Sinha, Prabhudeva.mp3"
369,Kabhi jo badal barse,A. R. Rahman,Jackpot,Bollywood / Romantic,Emotional; Soulful,Hindi,300:00:00,2013,High,"songs/Kabhi Jo Badal Barse Song Video Jackpot  Arijit Singh  Sachiin J Joshi, Sunny Leone.mp3"
370,Tere hawale,Salim–Sulaiman,Tere Hawale,Bollywood / Romantic,Emotional; Soulful,Hindi,300:00:00,2022,High,"songs/Tere Hawaale (Full Video) Laal Singh Chaddha _ Aamir,Kareena _ Arijit,Shilpa _ Pritam,Amitabh,Advait.mp3"
371,Sapne jahan,Shankar–Ehsaan–Loy,Brothers,Bollywood / Romantic,Emotional; Soulful,Hindi,300:00:00,2015,High,"songs/Sapna Jahan Full Video - BrothersAkshay Kumar, JacquelineSonu Nigam, Neeti Mohan.mp3"
372,Tera hua,Arijit Singh,Tera Hua,Bollywood / Romantic,Emotional; Soulful,Hindi,300:00:00,2018,Very High,songs/Tera Hua Video Song With Lyrics  Atif Aslam  Loveyatri  Aayush Sharma  Warina Hussain Tanishk B.mp3
373,Jaadui,Arijit Singh,Tu Jhoothi Main Makkaar,Bollywood / Romantic,Emotional; Soulful,Hindi,300:00:00,2023,High,"songs/Jaadui (Song) Tu Jhoothi Main Makkaar _ Ranbir, Shraddha _ Pritam _ Jubin Nautiyal _ Amitabh B.mp3"
374,Jhumritalaya,Shankar–Ehsaan–Loy,Jagga Jasoos,Bollywood / Romantic,Emotional; Soulful,Hindi,300:00:00,2017,High,"songs/Jagga Jasoos _Jhumritalaiyya Full Video Song l Ranbir, Katrina  Pritam Arijit, Mohan  Neelesh.mp3"
375,Bakhuda tum hi ho,Atif Aslam & Alka Yagnik,Kismat Konnection,Bollywood / Romantic,Romantic; Soulful,Hindi,292:00:00,2008,High,songs/Bakhuda Tumhi Ho _ Atif Aslam _ Alka Yagnik _ Kismat Konnection _ 2009.mp3
376,Kesariya,"Pritam, Arijit Singh",Brahm?stra: Part One – Shiva,Dance / Pop / Soft Rock,Romantic; Soulful,Hindi,269:00:00,2022,Very High,songs/Kesariya - Brahm?stra  Ranbir Kapoor  Alia Bhatt  Pritam  Arijit Singh  Amitabh Bhattacharya4K.mp3
377,Mai koi aisa geet gaoon,Jatin-Lalit,Yes Boss,Bollywood / Romantic,Romantic; Soulful,Hindi,300:00:00,1997,Very High,songs/Main Koi Aisa Geet Gaoon - HD VIDEO  Shah Rukh Khan & Juhi Chawla  Yes Boss  90's Romantic Songs.mp3
378,I love you,Salman Khan,Bodyguard,Bollywood / Romantic,Romantic; Soulful,Hindi,300:00:00,2011,Very High,"songs/I love you (Full song) Bodyguard feat. Salman khan, Kareena Kapoor.mp3"
379,Saiyaan,Kailasa,Kailasa,Indie / Romantic,Soulful; Emotional,Hindi,300:00:00,2008,High,songs/Saiyyan - Kailash Kher_ Paresh Kamath_ Naresh Kamath _ Jhoomo Re.mp3
380,Teri deewani,Kailasa,Kailasa,Indie / Romantic,Soulful; Emotional,Hindi,330:00:00,2006,High,songs/Teri Deewani - Kailash Kher  Official Video  Kailasa  Paresh  Naresh.mp3
381,Ik tara,Alia Bhatt,Wake Up Sid,Bollywood / Romantic,Soulful; Emotional,Hindi,240:00:00,2009,High,"songs/Iktara Lyric Video - Wake Up Sid  Ranbir Kapoor, Konkona Sen Sharma  Kavita Seth  Amit Trivedi.mp3"
382,Namo namo,Salim–Sulaiman,Kedarnath,Bollywood / Devotional,Spiritual; Soulful,Hindi,300:00:00,2018,High,songs/Namo Namo - Lyrical  Kedarnath  Sushant Rajput  Sara Ali Khan  Amit Trivedi  Amitabh B.mp3
383,Ranchod rangilla,Salim–Sulaiman,Bajirao Mastani,Bollywood / Devotional,Spiritual; Soulful,Hindi,300:00:00,2023,High,"songs/Ranchhod Rangila  Sabhiben Ahir, @RAJESHAHIR  Song Of Faith  New Gujrati Song 2023.mp3"
384,Jai shree ram,Salim–Sulaiman,Ram Leela,Bollywood / Devotional,Spiritual; Soulful,Hindi,300:00:00,2023,High,"songs/Jai Shri Ram (Full Video) Adipurush _ Prabhas _ Ajay-Atul, Manoj Muntashir S _ Om Raut _ Bhushan K.mp3"
385,Deva deva,Salim–Sulaiman,Brahm?stra: Part One – Shiva,Bollywood / Devotional,Spiritual; Soulful,Hindi,300:00:00,2022,High,songs/Deva Deva - Extended Film VersionBrahm?straAmitabh BRanbir @aliabhatt@pritam7415 ArijitJonita.mp3
386,Achutam keshavam,Salim–Sulaiman,Bajirao Mastani,Bollywood / Devotional,Spiritual; Soulful,Hindi,300:00:00,2024,High,songs/????? ???? - Lyrical  Achyutam Keshavam Krishna Damodaram  Krishna Bhajan by Alka Yagnik.mp3
387,Kabhi kabhi aditi,Rashid Ali,Jaane Tu Ya Jaane Na,Bollywood / Romantic,Upbeat; Soulful,Hindi,240:00:00,2011,Very High,songs/Lyrical_ Kabhi Kabhi Aditi Zindagi  Jaane Tu Ya Jaane Na  A.R. Rahman  Rashid Ali.mp3
388,Jashn e bahara,"A. R. Rahman, Javed Ali",Jodhaa Akbar,Bollywood / Romantic,Emotional; Soulful,Hindi,5:00,2008,Very High,songs/Jashn-E-Bahaaraa - Jodhaa Akbar@A. R. RahmanHrithik RoshanAishwarya RaiJaved A.mp3
389,Moray Re Bapa Moray Re,Traditional,Ganesh Bhajan,Devotional,Uplifting; Spiritual,Marathi,240:00:00,2000,High,"songs/Morya Re - Bedardi _ Jasraj Joshi _ Arun Nalawada, Omkar Kulkarni & Pooja Narang.mp3"
390,Ala Re Ala Ganesha,Traditional,Ganesh Bhajan,Devotional,Uplifting; Festive,Marathi,240:00:00,2017,High,songs/Daddy_ Aala Re Aala Ganesha Song With Lyrics  Ganesh Chaturthi Special 2017.mp3
391,Vela milan ni,Parmish Verma,Single,Punjabi Pop,Energetic; Romantic,Punjabi,250:00:00,2020,High,songs/Vela Milan Ni _ Jigardan Gadhavi - Yati Upadhyay _ Jigrra _ Kavya Limaye _Gujarati Wedding Song 2024.mp3
392,Kithe reh gaya,Asees Kaur,Single,Punjabi Pop,Romantic; Emotional,Punjabi,220:00:00,2018,High,songs/Kithe Reh Gaya Video  Neeti Mohan  Abhijit Vaghani   Kumaar  New Song 2019  T-Series.mp3
393,Despacito,"Luis Fonsi, Daddy Yankee",Vida,Latin Pop / Reggaeton,Romantic; Dance,Spanish,282:00:00,2017,Very High,songs/Luis Fonsi - Despacito ft. Daddy Yankee.mp3
394,Gasolina,Daddy Yankee,Barrio Fino,Reggaeton / Latin,Energetic; Party,Spanish,196:00:00,2004,Very High,songs/Daddy Yankee - Gasolina (Video Oficial).mp3
395,Derniere Danse,Indila,Mini World,Pop / French,Melancholic; Emotional,French,280:00:00,2013,Very High,songs/Indila - Derničre Danse (Clip Officiel).mp3
396,Shiv Tandav Stotram,"Shankar Mahadevan, Ajay-Atul",Shiv Stotra,Devotional,Powerful; Spiritual,Sanskrit,300:00:00,2019,Very High,songs/Shiv Tandav Stotram  Shankar Mahadevan  ??? ??? ?? ??? ????  Shiv Bhajan  Shiv Bhakti.mp3
397,Vakratunda Mahakaya,Traditional,Ganesh Aarti,Devotional,Spiritual; Peaceful,Sanskrit,210:00:00,2015,High,songs/Ekadantaya Vakratundaya Song _ Shankar Mahadevan _ ???? ????? ????? Ganpati Aarti 2025 _ Ganesh Song.mp3
